2026 Rank,Previous Rank,Institution Name,Country/Territory,Region,Size,Focus,Research,Status,AR SCORE,AR RANK,ER SCORE,ER RANK,FSR SCORE,FSR RANK,CPF SCORE,CPF RANK,IFR SCORE,IFR RANK,ISR SCORE,ISR RANK,ISD SCORE,ISD RANK,IRN SCORE,IRN RANK,EO SCORE,EO RANK,SUS SCORE,SUS RANK,Overall SCORE
1201,0,"ahmadu bello university, zaria",Nigeria,Africa,XL,CO,HI,,6.0,701,9.0,701,10.0,801,2.0,801,2.0,801,1.0,801,6.0,801,44.0,801,81.0,154,28.0,801,0.0
1001,1001,"aligarh muslim university (amu), aligarh",India,Asia,L,CO,VH,Public,15.0,701,5.0,701,18.0,801,25.0,645,0.0,0,2.0,801,6.0,801,65.0,622,3.0,801,46.0,801,0.0
1001,1001,"arab academy for science, technology and maritime transport",Egypt,Africa,L,FO,VH,Public,8.0,701,12.0,701,45.0,441,2.0,801,9.0,801,35.0,542,34.0,569,27.0,801,17.0,789,30.0,801,0.0
388,408,"birkbeck college, university of london",United Kingdom,Europe,M,CO,VH,Public,16.0,701,6.0,701,19.0,801,80.0,159,99.0,130,99.0,78,99.0,66,60.0,690,18.0,766,46.0,801,39.0
1401,0,"christ (deemed to be university), bengaluru",India,Asia,XL,CO,HI,Private not for Profit,7.0,701,6.0,701,8.0,801,5.0,801,5.0,801,2.0,801,7.0,801,34.0,801,6.0,801,33.0,801,0.0
310,0,"city st george’s, university of london",United Kingdom,Europe,L,FO,VH,,27.0,466,32.0,444,9.0,801,58.0,301,92.0,207,98.0,90,98.0,77,77.0,402,66.0,238,62.0,452,45.0
711,681,"goldsmiths, university of london",United Kingdom,Europe,M,FO,VH,Public,18.0,668,8.0,701,21.0,801,17.0,765,89.0,230,98.0,93,98.0,82,23.0,801,25.0,637,43.0,801,0.0
761,0,"government college university, faisalabad",Pakistan,Asia,L,CO,VH,Public,4.0,701,7.0,701,8.0,801,72.0,197,1.0,801,1.0,801,6.0,801,78.0,392,34.0,503,32.0,801,0.0
1401,0,"independent university,bangladesh",Bangladesh,Asia,M,CO,HI,Private not for Profit,9.0,701,17.0,701,3.0,801,7.0,801,1.0,801,1.0,801,6.0,801,12.0,801,12.0,801,25.0,801,0.0
1401,1201,"jamia hamdard, new delhi",India,Asia,M,FO,VH,Public,6.0,701,3.0,701,14.0,801,26.0,629,0.0,0,4.0,801,8.0,801,14.0,801,2.0,801,14.0,801,0.0
761,851,"jamia millia islamia, new delhi",India,Asia,M,CO,VH,Public,13.0,701,6.0,701,40.0,500,48.0,394,4.0,801,11.0,801,15.0,801,61.0,683,6.0,801,50.0,708,0.0
660,601,"kingston university, london",United Kingdom,Europe,L,CO,HI,Public,21.0,598,25.0,547,7.0,801,13.0,801,77.0,309,96.0,115,96.0,98,52.0,801,16.0,801,50.0,715,27.0
638,0,"lincoln university college, malaysia",Malaysia,Asia,S,CO,HI,Private for Profit,11.0,701,26.0,521,96.0,69,2.0,801,100.0,75,100.0,26,99.0,55,5.0,801,5.0,801,13.0,801,27.0
701,711,"lingnan university, hong kong","Hong Kong SAR, China",Asia,S,CO,VH,Public,16.0,701,13.0,701,19.0,801,22.0,681,100.0,38,100.0,55,93.0,126,11.0,801,5.0,801,47.0,789,0.0
12,15,"nanyang technological university, singapore (ntu singapore)",Singapore,Asia,L,FC,VH,Public,97.0,42,91.0,67,84.0,148,95.0,76,100.0,43,93.0,145,94.0,121,87.0,217,88.0,121,87.0,88,94.0
440,410,"national research university higher school of economics (hse, moscow)",Russian Federation,Europe,XL,CO,VH,Public,28.0,449,53.0,231,92.0,96,3.0,801,10.0,801,24.0,675,30.0,614,85.0,261,19.0,737,58.0,549,35.0
1001,1001,"national technical university ""kharkiv polytechnic institute""",Ukraine,Europe,M,CO,VH,Public,8.0,701,21.0,633,61.0,294,2.0,801,2.0,801,33.0,555,35.0,553,17.0,801,5.0,801,39.0,801,0.0
801,801,"national technical university of ukraine ""igor sikorsky kyiv polytechnic institute""",Ukraine,Europe,L,CO,VH,Public,18.0,663,49.0,261,39.0,527,2.0,801,1.0,801,3.0,801,7.0,801,23.0,801,49.0,355,37.0,801,0.0
1201,1201,"osmania university, hyderabad",India,Asia,M,CO,VH,Public,6.0,701,6.0,701,5.0,801,35.0,523,0.0,0,9.0,801,7.0,801,25.0,801,16.0,801,21.0,801,0.0
1201,951,"queen margaret university , edinburgh",United Kingdom,Europe,M,FO,HI,Public,4.0,701,7.0,701,6.0,801,19.0,729,68.0,341,67.0,293,71.0,265,4.0,801,1.0,801,19.0,801,0.0
191,193,"queen's university, ontario",Canada,Americas,L,FC,VH,Public,51.0,219,76.0,123,8.0,801,56.0,315,76.0,315,36.0,536,41.0,496,79.0,369,92.0,87,87.0,93,57.0
1401,0,"shakarim university of the city of semey, kazakhstan",Kazakhstan,Asia,M,CO,MD,Public,10.0,701,10.0,701,16.0,801,2.0,801,28.0,615,3.0,801,7.0,801,2.0,801,4.0,801,31.0,801,0.0
1201,1201,"siksha ‘o’ anusandhan (deemed to be university), soa",India,Asia,L,FO,VH,Private not for Profit,8.0,701,6.0,701,42.0,485,11.0,801,3.0,801,4.0,801,8.0,801,29.0,801,2.0,801,36.0,801,0.0
731,661,"sofia university ""st. kliment ohridski""",Bulgaria,Europe,L,CO,VH,Public,16.0,701,25.0,537,55.0,342,3.0,801,4.0,801,16.0,801,21.0,748,56.0,755,89.0,117,49.0,719,0.0
392,428,"southeast university, china",China (Mainland),Asia,XL,FC,VH,Public,21.0,588,21.0,632,25.0,745,94.0,83,32.0,569,6.0,801,12.0,801,77.0,407,10.0,801,45.0,801,38.0
1201,1201,"the ""gheorghe asachi"" technical university of iasi",Romania,Europe,L,SP,VH,Public,7.0,701,15.0,701,4.0,801,10.0,801,0.0,0,9.0,801,7.0,801,49.0,801,5.0,801,23.0,801,0.0
1001,1001,"the federal university of sao carlos, ufscar",Brazil,Americas,L,FC,VH,Public,15.0,701,11.0,701,20.0,801,29.0,597,3.0,801,3.0,801,2.0,801,47.0,801,2.0,801,41.0,801,0.0
1401,0,"the islamia university of bahawalpur,pakistan",Pakistan,Asia,XL,CO,HI,Public,6.0,701,7.0,701,5.0,801,9.0,801,0.0,0,0.0,0,0.0,0,56.0,751,3.0,801,36.0,801,0.0
801,781,"the new school, new york city and paris",United States of America,Americas,M,FO,VH,Private not for Profit,20.0,603,18.0,701,48.0,411,5.0,801,8.0,801,98.0,92,98.0,80,21.0,801,25.0,641,24.0,801,0.0
1201,1401,"the university of notre dame, australia",Australia,Oceania,M,FC,HI,Private not for Profit,3.0,701,6.0,701,6.0,801,10.0,801,54.0,421,22.0,700,28.0,637,12.0,801,2.0,801,34.0,801,0.0
75,87,"trinity college dublin, the university of dublin",Ireland,Europe,L,FC,VH,Public,83.0,87,68.0,154,29.0,662,66.0,240,100.0,88,95.0,126,95.0,107,89.0,183,95.0,74,74.0,262,74.0
781,901,"universidade católica portuguesa, ucp",Portugal,Europe,M,FO,VH,Private not for Profit,17.0,701,31.0,459,14.0,801,13.0,801,17.0,767,58.0,353,62.0,320,34.0,801,58.0,286,48.0,763,0.0
450,489,"universidade estadual paulista ""júlio de mesquita filho"" (unesp)",Brazil,Americas,XL,FC,VH,Public,53.0,207,37.0,387,20.0,801,22.0,683,7.0,801,5.0,801,10.0,801,74.0,480,2.0,801,59.0,534,34.0
1001,1001,"universita' degli studi di napoli ""parthenope""",Italy,Europe,M,FO,VH,Public,6.0,701,3.0,701,4.0,801,47.0,401,2.0,801,4.0,801,9.0,801,33.0,801,2.0,801,41.0,801,0.0
1001,1001,"universita degli studi ""g. d'annunzio"" chieti-pescara",Italy,Europe,L,FO,VH,Public,5.0,701,3.0,701,5.0,801,46.0,407,5.0,801,5.0,801,4.0,801,60.0,688,3.0,801,30.0,801,0.0
654,681,"university of agriculture, faisalabad",Pakistan,Asia,XL,CO,VH,Public,7.0,701,15.0,701,2.0,801,83.0,133,3.0,801,1.0,801,6.0,801,75.0,436,3.0,801,48.0,746,27.0
1001,901,"university of alabama, birmingham",United States of America,Americas,L,FC,VH,Public,7.0,701,5.0,701,63.0,283,24.0,653,0.0,0,0.0,0,0.0,0,57.0,732,5.0,801,36.0,801,0.0
17,12,"university of california, berkeley (ucb)",United States of America,Americas,XL,FC,VH,Public,100.0,6,100.0,6,29.0,643,97.0,53,96.0,172,71.0,273,53.0,392,97.0,47,100.0,17,99.0,3,91.0
114,130,"university of california, davis",United States of America,Americas,XL,FC,VH,Public,73.0,125,70.0,146,28.0,675,67.0,237,87.0,250,62.0,327,66.0,298,91.0,165,38.0,457,80.0,174,66.0
293,307,"university of california, irvine",United States of America,Americas,XL,FC,VH,Public,47.0,249,37.0,381,27.0,701,53.0,351,40.0,503,64.0,310,52.0,394,82.0,313,28.0,596,65.0,403,46.0
46,42,"university of california, los angeles (ucla)",United States of America,Americas,XL,FC,VH,Public,100.0,8,100.0,8,44.0,456,84.0,127,51.0,437,32.0,571,38.0,521,94.0,117,98.0,46,78.0,195,84.0
440,497,"university of california, riverside",United States of America,Americas,L,FC,VH,Public,21.0,577,21.0,623,10.0,801,64.0,254,81.0,290,30.0,587,36.0,530,75.0,433,7.0,801,56.0,589,35.0
66,72,"university of california, san diego (ucsd)",United States of America,Americas,XL,FC,VH,Public,94.0,49,80.0,103,54.0,347,80.0,155,44.0,473,47.0,431,52.0,400,94.0,99,41.0,430,72.0,286,77.0
179,178,"university of california, santa barbara (ucsb)",United States of America,Americas,L,CO,VH,Public,65.0,154,32.0,442,9.0,801,99.0,38,81.0,286,28.0,620,21.0,753,75.0,434,26.0,628,65.0,393,59.0
458,393,"university of california, santa cruz",United States of America,Americas,L,CO,VH,Public,25.0,517,14.0,701,10.0,801,62.0,268,71.0,331,10.0,801,16.0,801,62.0,662,14.0,801,84.0,122,34.0
638,570,"university of chemistry and technology, prague",Czechia,Europe,S,FO,VH,Public,8.0,701,12.0,701,100.0,38,19.0,727,34.0,547,85.0,194,87.0,164,32.0,801,9.0,801,43.0,801,27.0
851,761,"university of colorado, denver",United States of America,Americas,L,FC,HI,Public,11.0,701,12.0,701,100.0,4,5.0,801,4.0,801,21.0,719,27.0,659,40.0,801,11.0,801,40.0,801,0.0
1201,0,"university of management and technology (umt), pakistan",Pakistan,Asia,L,CO,HI,Private not for Profit,7.0,701,11.0,701,18.0,801,9.0,801,2.0,801,2.0,801,6.0,801,54.0,777,3.0,801,47.0,801,0.0
801,771,"university of maryland, baltimore county",United States of America,Americas,L,FC,HI,Public,14.0,701,8.0,701,19.0,801,20.0,710,73.0,325,51.0,406,56.0,371,45.0,801,10.0,801,66.0,381,0.0
801,0,"university of maryland, baltimore",United States of America,Americas,M,FC,VH,Public,8.0,701,2.0,701,100.0,3,23.0,678,22.0,687,10.0,801,8.0,801,46.0,801,2.0,801,41.0,801,0.0
207,218,"university of maryland, college park",United States of America,Americas,XL,FC,VH,Public,57.0,191,52.0,236,44.0,449,61.0,284,28.0,610,25.0,666,19.0,783,93.0,129,60.0,273,71.0,305,55.0
247,275,"university of massachusetts, amherst",United States of America,Americas,L,CO,VH,Public,48.0,238,40.0,342,16.0,801,62.0,266,78.0,307,46.0,436,51.0,404,79.0,372,44.0,399,85.0,119,51.0
697,641,"university of missouri, columbia",United States of America,Americas,L,FC,VH,Public,17.0,701,16.0,701,39.0,526,24.0,664,30.0,588,6.0,801,5.0,801,72.0,503,48.0,361,51.0,684,25.0
1001,1001,"university of missouri, kansas city",United States of America,Americas,M,CO,VH,Public,5.0,701,10.0,701,22.0,795,26.0,627,7.0,801,31.0,574,24.0,715,26.0,801,13.0,801,31.0,801,0.0
140,155,"university of north carolina, chapel hill",United States of America,Americas,L,FC,VH,Public,72.0,127,56.0,216,86.0,129,48.0,389,31.0,577,25.0,663,31.0,602,90.0,181,74.0,188,84.0,126,63.0
648,621,"university of tromso, the arctic university of norway",Norway,Europe,L,FC,VH,Public,16.0,701,8.0,701,83.0,154,12.0,801,76.0,313,13.0,801,10.0,801,81.0,334,9.0,801,51.0,675,27.0
1001,951,"université toulouse 1, capitole",France,Europe,L,FO,VH,Public,18.0,667,9.0,701,2.0,801,10.0,801,32.0,562,63.0,320,47.0,442,52.0,801,8.0,801,33.0,801,0.0
691,791,"vellore institute of technology (vit), vellore, india",India,Asia,XL,CO,VH,Private not for Profit,21.0,601,26.0,519,12.0,801,34.0,531,5.0,801,5.0,801,10.0,801,81.0,327,16.0,801,65.0,393,25.0
761,851,"vietnam national university, hanoi",Viet Nam,Asia,XL,CO,HI,Public,24.0,525,33.0,435,9.0,801,4.0,801,7.0,801,1.0,801,1.0,801,68.0,562,69.0,223,69.0,323,0.0
306,306,aalborg university,Denmark,Europe,L,FC,VH,Public,26.0,478,25.0,538,28.0,685,77.0,167,89.0,231,29.0,597,35.0,546,92.0,148,25.0,634,79.0,186,45.0
114,113,aalto university,Finland,Europe,L,FO,VH,Public,58.0,189,56.0,212,35.0,564,80.0,160,97.0,147,60.0,343,64.0,312,81.0,332,97.0,55,88.0,77,66.0
131,144,aarhus university,Denmark,Europe,L,FC,VH,Public,68.0,140,42.0,325,42.0,472,74.0,183,97.0,157,26.0,654,19.0,777,96.0,52,79.0,164,73.0,271,64.0
741,661,aberystwyth university,United Kingdom,Europe,M,CO,VH,Public,13.0,701,12.0,701,28.0,687,24.0,658,61.0,382,42.0,475,45.0,457,63.0,646,11.0,801,63.0,439,0.0
643,621,abo akademi university,Finland,Europe,M,CO,VH,Public,10.0,701,8.0,701,22.0,789,54.0,341,61.0,386,44.0,462,33.0,582,60.0,696,14.0,801,45.0,801,27.0
391,501,abu dhabi university,United Arab Emirates,Asia,S,FO,VH,Private for Profit,25.0,518,50.0,256,24.0,755,36.0,518,100.0,5,100.0,44,100.0,32,35.0,801,10.0,801,50.0,711,38.0
951,851,abylkas saginov karaganda technical university,Kazakhstan,Asia,M,FO,HI,Public,10.0,701,17.0,701,90.0,102,1.0,801,16.0,794,26.0,652,26.0,665,3.0,801,8.0,801,30.0,801,0.0
1201,0,ada university,Azerbaijan,Asia,S,SP,LO,Public,8.0,701,22.0,595,62.0,286,1.0,801,20.0,710,8.0,801,12.0,801,5.0,801,12.0,801,0.0,0,0.0
741,761,adam mickiewicz university,Poland,Europe,L,CO,VH,Public,24.0,528,12.0,701,46.0,427,9.0,801,11.0,801,16.0,801,22.0,737,89.0,196,16.0,801,64.0,431,0.0
1001,0,adamson university,Philippines,Asia,M,CO,MD,Private for Profit,39.0,306,18.0,701,8.0,801,2.0,801,18.0,741,3.0,801,7.0,801,5.0,801,4.0,801,10.0,801,0.0
851,771,addis ababa university,Ethiopia,Africa,XL,FO,VH,,8.0,701,12.0,701,65.0,267,3.0,801,0.0,0,0.0,0,0.0,0,64.0,636,97.0,62,42.0,801,0.0
82,0,adelaide university,Australia,Oceania,XL,CO,VH,,78.0,102,63.0,176,31.0,621,70.0,218,100.0,90,98.0,96,73.0,251,97.0,46,70.0,207,86.0,98,73.0
1001,0,aga khan university,Pakistan,Asia,S,FO,VH,Private not for Profit,6.0,701,10.0,701,100.0,2,11.0,801,2.0,801,2.0,801,2.0,801,18.0,801,8.0,801,23.0,801,0.0
801,851,agh university of krakow,Poland,Europe,L,CO,VH,Public,13.0,701,31.0,465,55.0,344,13.0,801,4.0,801,7.0,801,12.0,801,76.0,430,4.0,801,47.0,776,0.0
801,711,ahlia university,Bahrain,Asia,S,SP,HI,Private not for Profit,18.0,677,10.0,701,38.0,528,10.0,801,100.0,51,62.0,330,46.0,454,11.0,801,12.0,801,26.0,801,0.0
542,592,ain shams university,Egypt,Africa,XL,FC,VH,Public,36.0,340,39.0,357,17.0,801,4.0,801,30.0,590,14.0,801,20.0,769,81.0,336,70.0,216,57.0,562,30.0
428,481,aix-marseille university,France,Europe,XL,FC,VH,Public,51.0,218,16.0,701,11.0,801,30.0,591,23.0,678,29.0,604,22.0,734,99.0,15,29.0,571,63.0,436,36.0
440,477,ajman university,United Arab Emirates,Asia,S,FO,VH,Private not for Profit,28.0,454,51.0,241,16.0,801,10.0,801,100.0,8,100.0,4,100.0,37,65.0,621,13.0,801,46.0,801,35.0
563,631,ajou university,Republic of Korea,Asia,M,FC,VH,Private not for Profit,20.0,623,22.0,600,70.0,230,34.0,530,13.0,801,58.0,355,58.0,350,18.0,801,5.0,801,53.0,636,29.0
1401,1401,akdeniz üniversitesi,Türkiye,Asia,XL,FC,HI,Public,8.0,701,8.0,701,6.0,801,6.0,801,2.0,801,6.0,801,11.0,801,48.0,801,2.0,801,22.0,801,0.0
558,552,al ain university,United Arab Emirates,Asia,S,FO,VH,Private not for Profit,26.0,494,21.0,631,21.0,801,17.0,764,100.0,1,100.0,20,74.0,238,37.0,801,7.0,801,43.0,801,30.0
1001,1001,al azhar university,Egypt,Africa,XL,CO,VH,Public,22.0,574,14.0,701,15.0,801,2.0,801,2.0,801,17.0,782,13.0,801,64.0,630,33.0,510,35.0,801,0.0
901,801,al jouf university,Saudi Arabia,Asia,M,FC,VH,Public,13.0,701,10.0,701,45.0,440,7.0,801,99.0,126,3.0,801,7.0,801,57.0,740,3.0,801,24.0,801,0.0
951,0,al nahrain university,Iraq,Asia,M,FO,VH,Public,8.0,701,24.0,559,99.0,45,4.0,801,3.0,801,1.0,801,6.0,801,16.0,801,10.0,801,29.0,801,0.0
1201,0,al zaytoonah university,Jordan,Asia,M,CO,HI,Private not for Profit,6.0,701,8.0,701,5.0,801,8.0,801,27.0,628,52.0,394,48.0,432,17.0,801,5.0,801,14.0,801,0.0
761,801,al-ahliyya amman university,Jordan,Asia,M,FO,VH,Private not for Profit,17.0,701,21.0,625,16.0,801,6.0,801,94.0,196,100.0,29,98.0,79,33.0,801,6.0,801,38.0,801,0.0
1201,1201,al-balqa applied university,Jordan,Asia,L,FC,HI,Public,10.0,701,15.0,701,6.0,801,6.0,801,15.0,801,5.0,801,9.0,801,46.0,801,6.0,801,42.0,801,0.0
166,163,al-farabi kazakh national university,Kazakhstan,Asia,L,FC,HI,Public,61.0,172,86.0,85,100.0,36,2.0,801,81.0,288,83.0,204,79.0,213,76.0,426,66.0,234,63.0,443,60.0
951,851,al-quds university,Palestine,Asia,M,FC,MD,Public,10.0,701,21.0,644,19.0,801,3.0,801,72.0,327,91.0,163,76.0,229,15.0,801,12.0,801,40.0,801,0.0
781,801,alexandria university,Egypt,Africa,XL,FC,VH,Public,33.0,376,24.0,555,7.0,801,4.0,801,2.0,801,14.0,801,19.0,780,81.0,341,33.0,514,57.0,568,0.0
1001,1201,alexandru ioan cuza university,Romania,Europe,L,CO,HI,Public,12.0,701,21.0,641,8.0,801,6.0,801,5.0,801,17.0,779,21.0,742,49.0,801,23.0,668,49.0,737,0.0
801,791,alfaisal university,Saudi Arabia,Asia,S,FO,VH,Private not for Profit,8.0,701,6.0,701,32.0,605,22.0,687,100.0,29,97.0,102,92.0,127,28.0,801,6.0,801,31.0,801,0.0
138,133,alma mater studiorum - university of bologna,Italy,Europe,XL,FC,VH,Public,91.0,66,68.0,156,6.0,801,52.0,363,30.0,585,27.0,639,33.0,583,96.0,67,67.0,229,83.0,133,63.0
1001,951,almaty technological university,Kazakhstan,Asia,M,CO,MD,Public,6.0,701,9.0,701,94.0,86,1.0,801,28.0,613,14.0,801,17.0,801,4.0,801,4.0,801,27.0,801,0.0
851,741,altai state university,Russian Federation,Europe,M,CO,VH,Public,13.0,701,7.0,701,91.0,101,2.0,801,9.0,801,71.0,266,68.0,283,18.0,801,2.0,801,46.0,801,0.0
1401,0,american international university-bangladesh (aiub),Bangladesh,Asia,M,FO,VH,Private not for Profit,8.0,701,9.0,701,9.0,801,4.0,801,5.0,801,18.0,770,19.0,788,8.0,801,5.0,801,30.0,801,0.0
587,711,american university,United States of America,Americas,M,CO,VH,Private not for Profit,20.0,624,50.0,253,45.0,433,8.0,801,17.0,770,27.0,630,33.0,574,35.0,801,52.0,328,75.0,247,29.0
678,621,american university in dubai,United Arab Emirates,Asia,S,FO,HI,Private for Profit,14.0,701,38.0,364,26.0,714,4.0,801,100.0,2,100.0,11,100.0,6,4.0,801,46.0,383,25.0,801,26.0
237,250,american university of beirut (aub),Lebanon,Asia,M,FC,VH,Private not for Profit,42.0,288,58.0,200,52.0,358,38.0,494,71.0,330,45.0,449,50.0,413,69.0,554,99.0,33,78.0,204,52.0
901,0,american university of central asia,Kyrgyzstan,Asia,S,FO,MD,Private not for Profit,13.0,701,15.0,701,61.0,296,2.0,801,58.0,398,96.0,105,82.0,193,4.0,801,7.0,801,8.0,801,0.0
591,485,american university of ras al khaimah ( aurak ),United Arab Emirates,Asia,S,SP,MD,Public,8.0,701,10.0,701,38.0,536,49.0,383,100.0,9,100.0,15,97.0,88,15.0,801,4.0,801,25.0,801,29.0
272,332,american university of sharjah (aus),United Arab Emirates,Asia,M,CO,VH,Private not for Profit,32.0,388,65.0,163,25.0,742,44.0,428,100.0,3,100.0,9,100.0,4,51.0,801,61.0,268,54.0,613,48.0
563,611,american university of the middle east,Kuwait,Asia,M,SP,HI,Private for Profit,26.0,487,35.0,416,29.0,652,9.0,801,100.0,7,37.0,528,39.0,512,67.0,586,6.0,801,47.0,783,29.0
456,403,amirkabir university of technology,Iran (Islamic Republic of),Asia,M,SP,VH,Public,9.0,701,27.0,513,7.0,801,100.0,9,42.0,485,6.0,801,5.0,801,67.0,583,5.0,801,36.0,801,34.0
951,1001,amity university,India,Asia,L,CO,VH,Private not for Profit,11.0,701,18.0,700,18.0,801,15.0,801,12.0,801,35.0,540,36.0,531,68.0,578,5.0,801,55.0,608,0.0
1201,0,amman arab university,Jordan,Asia,S,FO,VH,Private not for Profit,8.0,701,6.0,701,13.0,801,16.0,783,11.0,801,59.0,349,53.0,384,12.0,801,5.0,801,9.0,801,0.0
1001,1001,amrita vishwa vidyapeetham,India,Asia,L,FC,VH,Private not for Profit,7.0,701,7.0,701,39.0,518,11.0,801,37.0,524,3.0,801,2.0,801,67.0,579,1.0,801,27.0,801,0.0
1001,1001,an-najah national university,Palestine,Asia,L,FC,MD,Public,14.0,701,15.0,701,12.0,801,4.0,801,50.0,441,47.0,426,44.0,475,39.0,801,11.0,801,47.0,785,0.0
1401,1201,anadolu university,Türkiye,Asia,L,SP,VH,Public,6.0,701,8.0,701,18.0,801,5.0,801,2.0,801,5.0,801,4.0,801,25.0,801,22.0,691,22.0,801,0.0
697,801,ankara üniversitesi,Türkiye,Asia,XL,FC,HI,Public,31.0,400,30.0,468,13.0,801,5.0,801,3.0,801,10.0,801,15.0,801,74.0,466,61.0,262,61.0,480,25.0
465,383,anna university,India,Asia,L,SP,VH,Public,15.0,701,19.0,674,9.0,801,100.0,23,0.0,0,2.0,801,6.0,801,47.0,801,18.0,763,65.0,409,34.0
1401,1201,aoyama gakuin university,Japan,Asia,L,FO,HI,Private not for Profit,7.0,701,17.0,701,7.0,801,3.0,801,20.0,707,5.0,801,4.0,801,10.0,801,15.0,801,10.0,801,0.0
791,851,applied science private university - jordan,Jordan,Asia,M,CO,HI,Private for Profit,16.0,701,28.0,497,30.0,631,7.0,801,36.0,528,82.0,212,79.0,214,45.0,801,6.0,801,39.0,801,0.0
613,539,applied science university - bahrain,Bahrain,Asia,S,FO,VH,Private not for Profit,27.0,473,29.0,485,52.0,367,5.0,801,100.0,14,62.0,324,47.0,447,12.0,801,12.0,801,24.0,801,28.0
485,508,aristotle university of thessaloniki,Greece,Europe,XL,FC,VH,Public,38.0,311,36.0,402,6.0,801,28.0,602,2.0,801,8.0,801,14.0,801,91.0,160,48.0,359,66.0,371,33.0
173,200,arizona state university,United States of America,Americas,XL,CO,VH,Public,64.0,159,63.0,171,10.0,801,62.0,277,73.0,326,53.0,385,58.0,353,95.0,81,42.0,415,86.0,102,59.0
1001,951,asfendiyarov kazakh national medical university,Kazakhstan,Asia,M,FO,HI,Public,7.0,701,9.0,701,67.0,255,1.0,801,16.0,783,77.0,244,70.0,267,6.0,801,8.0,801,0.0,0,0.0
1201,0,ashoka university,India,Asia,S,SP,VH,Private for Profit,10.0,701,7.0,701,28.0,672,6.0,801,21.0,702,8.0,801,11.0,801,3.0,801,2.0,801,26.0,801,0.0
597,611,asia pacific university of technology and innovation (apu) malaysia,Malaysia,Asia,S,SP,HI,Private for Profit,17.0,701,24.0,565,74.0,204,3.0,801,96.0,169,100.0,16,100.0,10,14.0,801,5.0,801,39.0,801,28.0
711,801,asia university taiwan,Taiwan,Asia,M,CO,VH,Private for Profit,9.0,701,3.0,701,5.0,801,80.0,156,15.0,801,6.0,801,10.0,801,64.0,633,2.0,801,37.0,801,0.0
1001,1001,assiut university,Egypt,Africa,XL,FC,HI,Public,16.0,701,15.0,701,21.0,801,4.0,801,21.0,697,7.0,801,11.0,801,67.0,596,3.0,801,53.0,636,0.0
395,423,aston university,United Kingdom,Europe,L,CO,VH,Public,18.0,673,27.0,506,12.0,801,57.0,309,98.0,142,63.0,317,67.0,290,82.0,317,28.0,587,68.0,355,38.0
1401,0,aswan university,Egypt,Africa,L,FC,HI,Public,7.0,701,2.0,701,12.0,801,6.0,801,1.0,801,2.0,801,6.0,801,54.0,784,3.0,801,40.0,801,0.0
1201,1201,ataturk university,Türkiye,Asia,XL,CO,VH,Public,8.0,701,3.0,701,4.0,801,10.0,801,5.0,801,21.0,715,27.0,657,49.0,801,11.0,801,35.0,801,0.0
511,516,ateneo de manila university,Philippines,Asia,L,FC,MD,Private not for Profit,32.0,385,70.0,148,33.0,586,3.0,801,4.0,801,4.0,801,9.0,801,24.0,801,80.0,157,61.0,497,32.0
951,951,athens university of economics and business,Greece,Europe,M,SP,HI,Public,10.0,701,37.0,380,2.0,801,32.0,565,2.0,801,7.0,801,11.0,801,15.0,801,34.0,501,40.0,801,0.0
1401,1201,atma jaya catholic university indonesia,Indonesia,Asia,M,FO,HI,Private for Profit,11.0,701,11.0,701,11.0,801,2.0,801,10.0,801,2.0,801,6.0,801,7.0,801,23.0,678,30.0,801,0.0
851,951,auburn university,United States of America,Americas,XL,CO,VH,Public,12.0,701,18.0,701,11.0,801,24.0,650,58.0,397,10.0,801,16.0,801,57.0,728,30.0,553,50.0,701,0.0
410,412,auckland university of technology,New Zealand,Oceania,L,CO,VH,Public,30.0,417,23.0,587,14.0,801,33.0,549,100.0,76,100.0,39,100.0,27,50.0,801,23.0,663,74.0,259,37.0
731,621,auezov south kazakhstan state university (sksu),Kazakhstan,Asia,L,CO,MD,Public,21.0,585,34.0,424,92.0,99,1.0,801,20.0,711,29.0,598,28.0,641,5.0,801,4.0,801,35.0,801,0.0
851,901,australian catholic university,Australia,Oceania,L,CO,HI,Public,12.0,701,12.0,701,8.0,801,19.0,724,86.0,251,62.0,329,65.0,301,36.0,801,2.0,801,49.0,725,0.0
32,30,australian national university,Australia,Oceania,L,FC,VH,Public,98.0,37,83.0,96,41.0,495,92.0,93,100.0,49,99.0,68,99.0,59,93.0,123,67.0,232,92.0,48,87.0
851,1001,azerbaijan state oil and industry university,Azerbaijan,Asia,L,FO,HI,Public,13.0,701,19.0,685,73.0,208,2.0,801,47.0,456,10.0,801,14.0,801,9.0,801,45.0,391,31.0,801,0.0
801,1001,azerbaijan state university of economics,Azerbaijan,Asia,L,FO,HI,Public,21.0,587,37.0,379,37.0,548,2.0,801,32.0,563,11.0,801,14.0,801,12.0,801,52.0,329,39.0,801,0.0
851,0,azerbaijan technical university,Azerbaijan,Asia,M,SP,MD,,19.0,645,26.0,532,82.0,157,1.0,801,14.0,801,13.0,801,17.0,801,4.0,801,12.0,801,28.0,801,0.0
1001,0,azerbaijan university of architecture and construction,Azerbaijan,Asia,M,FO,MD,Public,26.0,492,21.0,638,42.0,477,1.0,801,10.0,801,15.0,801,17.0,801,1.0,801,12.0,801,26.0,801,0.0
761,781,babes-bolyai university,Romania,Europe,XL,CO,VH,Public,22.0,569,35.0,410,9.0,801,8.0,801,19.0,729,7.0,801,13.0,801,84.0,278,36.0,477,65.0,398,0.0
1201,1201,bahauddin zakariya university,Pakistan,Asia,L,CO,VH,Public,9.0,701,8.0,701,4.0,801,30.0,584,0.0,0,1.0,801,1.0,801,51.0,801,8.0,801,26.0,801,0.0
901,0,baku engineering university,Azerbaijan,Asia,M,FO,MD,Public,25.0,511,38.0,373,37.0,542,2.0,801,21.0,693,9.0,801,12.0,801,4.0,801,12.0,801,29.0,801,0.0
688,951,baku state university,Azerbaijan,Asia,L,CO,HI,Public,22.0,566,20.0,654,94.0,85,2.0,801,13.0,801,7.0,801,11.0,801,22.0,801,64.0,243,43.0,801,26.0
1001,1001,banaras hindu university,India,Asia,L,FC,VH,Public,19.0,648,11.0,701,14.0,801,19.0,737,2.0,801,3.0,801,7.0,801,59.0,704,16.0,801,45.0,801,0.0
255,256,bandung institute of technology (itb),Indonesia,Asia,L,CO,VH,Public,59.0,181,85.0,90,55.0,345,5.0,801,95.0,182,8.0,801,14.0,801,40.0,801,69.0,224,59.0,516,50.0
761,761,bangladesh university of engineering and technology,Bangladesh,Asia,M,SP,VH,Public,21.0,582,43.0,316,16.0,801,31.0,578,0.0,0,0.0,0,0.0,0,23.0,801,30.0,551,30.0,801,0.0
566,474,bangor university,United Kingdom,Europe,M,FC,VH,Public,13.0,701,11.0,701,19.0,801,44.0,422,38.0,515,77.0,239,80.0,210,75.0,447,17.0,787,78.0,195,29.0
660,671,bar-ilan university,Israel,Asia,L,FC,VH,Public,11.0,701,14.0,701,10.0,801,59.0,293,54.0,416,5.0,801,4.0,801,53.0,792,33.0,511,42.0,801,27.0
320,298,bauman moscow state technical university,Russian Federation,Europe,L,CO,VH,Public,41.0,289,64.0,168,100.0,25,2.0,801,81.0,287,86.0,190,87.0,160,14.0,801,10.0,801,48.0,770,44.0
1001,1001,baylor university,United States of America,Americas,L,CO,VH,Private not for Profit,9.0,701,21.0,628,18.0,801,13.0,801,4.0,801,7.0,801,5.0,801,47.0,801,25.0,650,43.0,801,0.0
388,452,beihang university (former buaa),China (Mainland),Asia,L,CO,VH,Public,18.0,665,24.0,569,58.0,313,92.0,95,10.0,801,8.0,801,6.0,801,50.0,801,21.0,711,37.0,801,39.0
1201,1201,beijing foreign studies university,China (Mainland),Asia,M,SP,VH,Public,8.0,701,8.0,701,43.0,470,3.0,801,25.0,646,48.0,418,36.0,532,4.0,801,16.0,801,10.0,801,0.0
259,302,beijing institute of technology,China (Mainland),Asia,XL,FO,VH,Public,34.0,355,47.0,282,43.0,469,96.0,62,12.0,801,16.0,801,12.0,801,75.0,439,23.0,681,59.0,525,50.0
851,901,beijing jiaotong university,China (Mainland),Asia,L,FO,VH,Public,12.0,701,17.0,701,31.0,609,34.0,529,5.0,801,17.0,780,13.0,801,46.0,801,14.0,801,31.0,801,0.0
247,271,beijing normal university,China (Mainland),Asia,L,CO,VH,Public,48.0,244,30.0,483,30.0,626,99.0,44,9.0,801,33.0,559,25.0,690,77.0,403,18.0,754,56.0,591,51.0
697,701,beijing university of chemical technology,China (Mainland),Asia,L,CO,VH,Public,6.0,701,7.0,701,29.0,668,82.0,149,3.0,801,3.0,801,7.0,801,37.0,801,3.0,801,41.0,801,25.0
1201,1201,beijing university of chinese medicine,China (Mainland),Asia,L,FO,VH,Public,6.0,701,6.0,701,44.0,448,15.0,801,0.0,0,13.0,801,10.0,801,8.0,801,4.0,801,8.0,801,0.0
1001,901,beijing university of posts and telecommunications,China (Mainland),Asia,L,FO,VH,Public,4.0,701,9.0,701,20.0,801,45.0,411,6.0,801,3.0,801,2.0,801,22.0,801,22.0,686,27.0,801,0.0
791,801,beijing university of technology,China (Mainland),Asia,L,CO,VH,Public,9.0,701,11.0,701,42.0,481,55.0,325,5.0,801,3.0,801,8.0,801,38.0,801,8.0,801,33.0,801,0.0
676,641,beirut arab university,Lebanon,Asia,S,FC,HI,Private not for Profit,20.0,614,22.0,597,29.0,661,8.0,801,95.0,180,61.0,334,57.0,362,30.0,801,44.0,401,42.0,801,26.0
851,801,belarusian national technical university,Belarus,Europe,L,SP,LO,Public,17.0,701,41.0,329,65.0,273,1.0,801,3.0,801,67.0,299,62.0,323,3.0,801,8.0,801,0.0,0,0.0
447,387,belarusian state university,Belarus,Europe,L,CO,HI,Public,33.0,377,52.0,239,92.0,98,2.0,801,5.0,801,71.0,268,68.0,286,34.0,801,61.0,258,0.0,0,35.0
1401,1201,belarusian state university of informatics and radioelectronics,Belarus,Europe,M,CO,HI,Public,7.0,701,23.0,573,26.0,716,1.0,801,3.0,801,18.0,772,20.0,754,7.0,801,8.0,801,0.0,0,0.0
1401,1201,belgorod state university,Russian Federation,Europe,L,FC,HI,Public,3.0,701,2.0,701,18.0,801,3.0,801,2.0,801,70.0,276,73.0,247,14.0,801,2.0,801,23.0,801,0.0
469,471,ben gurion university of the negev,Israel,Asia,L,FC,VH,Public,20.0,631,27.0,510,15.0,801,59.0,295,71.0,332,24.0,679,18.0,798,63.0,643,25.0,649,49.0,734,34.0
1201,1201,benemérita universidad autónoma de puebla,Mexico,Americas,XL,FC,HI,Public,20.0,616,8.0,701,2.0,801,3.0,801,4.0,801,2.0,801,6.0,801,29.0,801,2.0,801,29.0,801,0.0
1401,0,benha university,Egypt,Africa,XL,FC,HI,Public,6.0,701,4.0,701,8.0,801,4.0,801,1.0,801,2.0,801,7.0,801,60.0,699,3.0,801,36.0,801,0.0
1201,0,beni-suef university,Egypt,Africa,XL,FC,HI,Public,9.0,701,4.0,701,2.0,801,11.0,801,14.0,801,2.0,801,6.0,801,52.0,801,3.0,801,40.0,801,0.0
415,477,bilkent university,Türkiye,Asia,M,CO,VH,Private not for Profit,34.0,361,73.0,134,15.0,801,28.0,610,62.0,379,8.0,801,12.0,801,41.0,801,27.0,609,52.0,667,37.0
1001,1001,binghamton university suny,United States of America,Americas,L,CO,VH,Public,10.0,701,14.0,701,9.0,801,20.0,723,17.0,760,16.0,801,22.0,739,26.0,801,11.0,801,45.0,801,0.0
851,951,binus university (bina nusantara university),Indonesia,Asia,L,CO,VH,Private for Profit,20.0,611,33.0,432,29.0,670,4.0,801,52.0,429,9.0,801,14.0,801,14.0,801,21.0,714,41.0,801,0.0
668,801,birla institute of technology and science,India,Asia,L,CO,VH,Private not for Profit,18.0,678,33.0,441,12.0,801,39.0,480,3.0,801,4.0,801,8.0,801,42.0,801,55.0,302,59.0,525,26.0
1001,1001,birmingham city university,United Kingdom,Europe,XL,FO,HI,Public,8.0,701,8.0,701,9.0,801,7.0,801,55.0,412,66.0,304,69.0,278,45.0,801,12.0,801,38.0,801,0.0
1201,1201,birzeit university,Palestine,Asia,M,CO,HI,Private not for Profit,13.0,701,9.0,701,7.0,801,5.0,801,18.0,748,7.0,801,6.0,801,20.0,801,38.0,451,12.0,801,0.0
371,418,bogazici university,Türkiye,Asia,M,CO,VH,Public,36.0,335,86.0,88,5.0,801,24.0,662,28.0,603,8.0,801,13.0,801,49.0,801,89.0,116,69.0,342,40.0
591,587,bond university,Australia,Oceania,S,FO,VH,Private not for Profit,6.0,701,8.0,701,52.0,362,54.0,346,64.0,366,90.0,164,91.0,139,25.0,801,12.0,801,24.0,801,29.0
526,631,boston college,United States of America,Americas,L,CO,VH,Private not for Profit,30.0,407,30.0,471,28.0,681,27.0,618,10.0,801,29.0,608,35.0,556,48.0,801,65.0,240,56.0,579,31.0
88,108,boston university,United States of America,Americas,L,FC,VH,Private not for Profit,75.0,111,87.0,83,41.0,497,62.0,273,40.0,500,93.0,150,93.0,124,85.0,256,87.0,127,74.0,264,71.0
801,771,bournemouth university,United Kingdom,Europe,L,CO,VH,Public,8.0,701,11.0,701,8.0,801,29.0,594,85.0,261,48.0,422,53.0,391,76.0,418,8.0,801,43.0,801,0.0
1201,1001,brac university,Bangladesh,Asia,L,CO,HI,Private not for Profit,15.0,701,33.0,429,12.0,801,4.0,801,2.0,801,2.0,801,6.0,801,30.0,801,5.0,801,30.0,801,0.0
741,721,brandeis university,United States of America,Americas,M,CO,VH,Private not for Profit,13.0,701,10.0,701,50.0,381,25.0,638,33.0,554,83.0,201,62.0,322,25.0,801,31.0,544,29.0,801,0.0
1001,1001,brigham young university,United States of America,Americas,XL,CO,VH,Private not for Profit,8.0,701,14.0,701,7.0,801,16.0,787,1.0,801,5.0,801,4.0,801,52.0,801,37.0,469,45.0,801,0.0
1201,1201,british university in egypt,Egypt,Africa,M,FO,VH,Private for Profit,8.0,701,11.0,701,37.0,549,5.0,801,2.0,801,6.0,801,10.0,801,18.0,801,3.0,801,21.0,801,0.0
575,611,brno university of technology,Czechia,Europe,L,FO,VH,Public,18.0,691,36.0,393,37.0,544,14.0,801,27.0,631,77.0,241,79.0,215,81.0,339,16.0,801,61.0,471,29.0
1201,1201,brock university,Canada,Americas,L,CO,HI,Public,7.0,701,11.0,701,5.0,801,17.0,772,4.0,801,28.0,621,34.0,570,29.0,801,7.0,801,42.0,801,0.0
69,79,brown university,United States of America,Americas,M,FC,VH,Private not for Profit,72.0,126,64.0,166,85.0,139,82.0,143,91.0,218,67.0,297,70.0,269,80.0,352,82.0,151,73.0,280,76.0
385,342,brunel university of london,United Kingdom,Europe,L,CO,VH,Public,18.0,694,25.0,536,12.0,801,52.0,364,100.0,114,100.0,32,100.0,20,77.0,410,29.0,578,80.0,163,39.0
711,721,budapest university of technology and economics,Hungary,Europe,L,FO,VH,Public,21.0,595,38.0,375,19.0,801,15.0,800,5.0,801,23.0,691,29.0,629,60.0,691,38.0,460,58.0,545,0.0
660,601,ca' foscari university of venice,Italy,Europe,M,CO,VH,Public,27.0,462,22.0,609,10.0,801,21.0,703,44.0,471,19.0,749,25.0,688,68.0,564,20.0,729,74.0,259,27.0
347,350,cairo university,Egypt,Africa,XL,FC,VH,Public,61.0,170,53.0,232,14.0,801,6.0,801,4.0,801,14.0,801,11.0,801,89.0,190,98.0,43,67.0,368,42.0
10,10,california institute of technology (caltech),United States of America,Americas,S,FO,VH,Private not for Profit,98.0,33,99.0,23,100.0,5,100.0,3,100.0,65,91.0,161,91.0,136,62.0,665,49.0,352,79.0,185,94.0
1201,1401,california polytechnic state university,United States of America,Americas,L,CO,HI,Public,6.0,701,20.0,655,9.0,801,5.0,801,0.0,0,0.0,0,0.0,0,44.0,801,19.0,736,33.0,801,0.0
1201,0,can tho university,Viet Nam,Asia,XL,CO,HI,Public,10.0,701,6.0,701,3.0,801,5.0,801,65.0,357,1.0,801,6.0,801,37.0,801,7.0,801,40.0,801,0.0
604,523,canadian university of dubai,United Arab Emirates,Asia,S,FO,HI,Private for Profit,23.0,553,30.0,478,40.0,499,7.0,801,100.0,4,100.0,7,74.0,237,19.0,801,18.0,758,18.0,801,28.0
1201,1001,canterbury christ church university,United Kingdom,Europe,XL,CO,MD,Public,7.0,701,5.0,701,5.0,801,7.0,801,42.0,487,60.0,340,64.0,309,22.0,801,2.0,801,22.0,801,0.0
181,186,cardiff university,United Kingdom,Europe,L,FC,VH,Public,60.0,175,54.0,223,48.0,403,42.0,451,87.0,243,70.0,278,73.0,248,93.0,120,34.0,502,89.0,71,58.0
781,741,carleton university,Canada,Americas,L,CO,VH,Public,16.0,701,17.0,701,7.0,801,19.0,743,18.0,756,57.0,364,42.0,489,75.0,443,43.0,407,61.0,477,0.0
52,58,carnegie mellon university,United States of America,Americas,L,FC,VH,Private not for Profit,80.0,98,94.0,52,51.0,370,99.0,43,52.0,426,99.0,77,73.0,245,79.0,364,80.0,161,66.0,375,82.0
294,259,case western reserve university,United States of America,Americas,M,FC,VH,Private not for Profit,22.0,560,21.0,642,89.0,111,66.0,239,48.0,449,77.0,246,79.0,218,58.0,715,41.0,429,71.0,303,46.0
851,901,catania university,Italy,Europe,L,FC,VH,Public,18.0,701,6.0,701,9.0,801,36.0,517,15.0,798,8.0,801,13.0,801,74.0,456,9.0,801,46.0,801,0.0
1401,1201,central michigan university,United States of America,Americas,L,FC,HI,Public,4.0,701,5.0,701,12.0,801,11.0,801,5.0,801,23.0,684,18.0,801,26.0,801,15.0,801,29.0,801,0.0
499,495,central queensland university australia (cquniversity),Australia,Oceania,S,CO,VH,Public,14.0,701,9.0,701,42.0,474,40.0,473,98.0,145,100.0,43,99.0,47,48.0,801,5.0,801,64.0,417,32.0
491,431,central south university,China (Mainland),Asia,XL,FO,VH,Public,12.0,701,10.0,701,7.0,801,100.0,8,9.0,801,7.0,801,5.0,801,74.0,472,23.0,667,43.0,801,33.0
1001,1201,ceu university,Spain,Europe,L,FO,VH,,7.0,701,21.0,634,27.0,703,3.0,801,8.0,801,58.0,352,62.0,319,19.0,801,17.0,793,36.0,801,0.0
165,139,chalmers university of technology,Sweden,Europe,M,FO,VH,Private not for Profit,35.0,350,57.0,207,60.0,303,81.0,152,100.0,56,74.0,257,77.0,226,77.0,405,53.0,319,83.0,138,60.0
575,691,chandigarh university,India,Asia,XL,FC,HI,Private not for Profit,22.0,561,70.0,147,34.0,573,3.0,801,45.0,469,25.0,662,29.0,621,66.0,603,2.0,801,44.0,801,29.0
668,631,chang gung university,Taiwan,Asia,M,FO,VH,Private not for Profit,9.0,701,7.0,701,75.0,200,58.0,298,8.0,801,10.0,801,13.0,801,26.0,801,2.0,801,49.0,734,26.0
1201,1001,chang jung christian university,Taiwan,Asia,M,CO,HI,Private not for Profit,9.0,701,5.0,701,57.0,323,3.0,801,8.0,801,9.0,801,13.0,801,6.0,801,2.0,801,35.0,801,0.0
1401,1201,chaoyang university of technology,Taiwan,Asia,L,FO,VH,Private for Profit,5.0,701,7.0,701,6.0,801,8.0,801,7.0,801,13.0,801,16.0,801,22.0,801,2.0,801,41.0,801,0.0
584,621,charles darwin university,Australia,Oceania,M,FO,VH,Public,8.0,701,7.0,701,6.0,801,65.0,247,42.0,483,89.0,178,89.0,154,50.0,801,5.0,801,71.0,305,29.0
951,851,charles sturt university,Australia,Oceania,L,CO,VH,Public,6.0,701,9.0,701,14.0,801,14.0,801,66.0,356,47.0,427,52.0,396,60.0,684,13.0,801,65.0,403,0.0
265,246,charles university,Czechia,Europe,XL,FC,VH,Public,59.0,182,56.0,217,37.0,543,14.0,801,34.0,549,62.0,328,65.0,300,97.0,33,73.0,196,77.0,217,49.0
526,567,chiang mai university,Thailand,Asia,XL,FC,HI,Public,49.0,236,30.0,467,22.0,790,9.0,801,6.0,801,9.0,801,13.0,801,66.0,613,29.0,584,68.0,355,31.0
791,771,chiba university,Japan,Asia,L,FC,VH,Public,23.0,555,13.0,701,66.0,261,18.0,755,11.0,801,8.0,801,12.0,801,30.0,801,6.0,801,49.0,737,0.0
504,484,china agricultural university,China (Mainland),Asia,L,FC,VH,Public,12.0,701,10.0,701,19.0,801,99.0,42,5.0,801,2.0,801,2.0,801,62.0,663,10.0,801,44.0,801,32.0
851,771,china university of geosciences,China (Mainland),Asia,L,FO,VH,Public,7.0,701,6.0,701,60.0,299,40.0,469,2.0,801,5.0,801,4.0,801,60.0,693,1.0,801,43.0,801,0.0
654,681,china university of mining and technology,China (Mainland),Asia,L,FO,VH,Public,4.0,701,6.0,701,26.0,727,87.0,114,0.0,0,0.0,0,0.0,0,56.0,761,16.0,801,39.0,801,27.0
686,631,china university of petroleum,China (Mainland),Asia,L,CO,VH,Public,3.0,701,7.0,701,11.0,801,95.0,77,7.0,801,5.0,801,4.0,801,26.0,801,26.0,621,35.0,801,26.0
1201,1201,china university of political science and law,China (Mainland),Asia,L,FO,MD,Public,4.0,701,62.0,181,11.0,801,2.0,801,5.0,801,2.0,801,7.0,801,8.0,801,10.0,801,10.0,801,0.0
1201,1201,chitkara university,India,Asia,L,CO,VH,Private not for Profit,10.0,701,11.0,701,18.0,801,5.0,801,13.0,801,5.0,801,9.0,801,44.0,801,2.0,801,47.0,776,0.0
1401,1201,chittagong university of engineering and technology,Bangladesh,Asia,M,SP,HI,Public,10.0,701,16.0,701,10.0,801,12.0,801,2.0,801,0.0,0,0.0,0,8.0,801,5.0,801,20.0,801,0.0
504,489,chongqing university,China (Mainland),Asia,XL,SP,VH,Public,12.0,701,10.0,701,18.0,801,94.0,82,28.0,605,4.0,801,3.0,801,58.0,717,19.0,743,40.0,801,32.0
901,851,chonnam national university,Republic of Korea,Asia,L,FC,VH,Public,12.0,701,7.0,701,47.0,415,24.0,654,15.0,801,16.0,793,22.0,731,29.0,801,7.0,801,61.0,471,0.0
618,611,christian-albrechts-universität zu kiel,Germany,Europe,L,FC,VH,Public,24.0,522,15.0,701,57.0,325,21.0,700,0.0,0,15.0,801,12.0,801,92.0,139,25.0,648,59.0,516,28.0
221,229,chulalongkorn university,Thailand,Asia,XL,FC,VH,Public,82.0,89,53.0,233,45.0,439,13.0,801,32.0,564,6.0,801,11.0,801,81.0,342,96.0,64,80.0,169,54.0
1001,1001,chung yuan christian university,Taiwan,Asia,L,CO,HI,Public,10.0,701,9.0,701,7.0,801,25.0,637,5.0,801,12.0,801,15.0,801,17.0,801,29.0,585,47.0,799,0.0
479,489,chung-ang university,Republic of Korea,Asia,L,FC,VH,Private not for Profit,25.0,512,38.0,372,79.0,172,17.0,769,20.0,719,62.0,323,66.0,297,31.0,801,17.0,777,69.0,331,33.0
1001,1001,chungbuk national university,Republic of Korea,Asia,M,FC,VH,Public,7.0,701,5.0,701,48.0,405,20.0,717,11.0,801,22.0,703,22.0,740,33.0,801,2.0,801,51.0,684,0.0
851,851,chungnam national university,Republic of Korea,Asia,L,FC,VH,Public,12.0,701,11.0,701,55.0,343,21.0,697,8.0,801,20.0,729,25.0,681,41.0,801,7.0,801,60.0,504,0.0
63,62,city university of hong kong,"Hong Kong SAR, China",Asia,M,CO,VH,Public,76.0,109,47.0,284,95.0,75,100.0,2,100.0,16,100.0,5,100.0,2,65.0,628,49.0,356,75.0,232,79.0
613,661,city university of new york,United States of America,Americas,XL,FC,VH,Public,25.0,505,59.0,195,14.0,801,6.0,801,8.0,801,8.0,801,6.0,801,93.0,128,31.0,532,55.0,593,28.0
1001,951,clark university,United States of America,Americas,S,CO,VH,Private not for Profit,3.0,701,4.0,701,26.0,724,24.0,666,15.0,801,95.0,133,94.0,119,29.0,801,19.0,739,42.0,801,0.0
951,851,clarkson university,United States of America,Americas,S,CO,VH,Private not for Profit,1.0,701,4.0,701,19.0,801,47.0,400,43.0,478,38.0,515,42.0,493,31.0,801,12.0,801,27.0,801,0.0
951,951,clemson university,United States of America,Americas,L,CO,VH,Public,10.0,701,15.0,701,19.0,801,25.0,643,16.0,773,11.0,801,8.0,801,76.0,420,14.0,801,48.0,765,0.0
1401,1201,cleveland state university,United States of America,Americas,M,FO,VH,Public,5.0,701,6.0,701,12.0,801,8.0,801,6.0,801,48.0,423,36.0,540,18.0,801,12.0,801,26.0,801,0.0
901,771,colegio de méxico,Mexico,Americas,S,SP,VH,Public,20.0,630,6.0,701,100.0,1,3.0,801,12.0,801,27.0,637,20.0,762,10.0,801,3.0,801,14.0,801,0.0
571,501,colorado school of mines,United States of America,Americas,M,FO,VH,Public,11.0,701,23.0,588,19.0,801,70.0,216,29.0,599,11.0,801,17.0,801,31.0,801,29.0,558,55.0,608,29.0
458,442,colorado state university,United States of America,Americas,L,CO,VH,Public,25.0,508,30.0,473,73.0,209,23.0,672,23.0,679,9.0,801,15.0,801,83.0,303,32.0,524,75.0,236,34.0
38,34,columbia university,United States of America,Americas,XL,FC,VH,Private not for Profit,100.0,13,100.0,11,100.0,19,45.0,418,49.0,445,98.0,88,73.0,250,98.0,18,100.0,8,78.0,198,86.0
684,661,comenius university bratislava,Slovakia,Europe,L,FC,HI,Public,17.0,701,15.0,701,61.0,293,7.0,801,8.0,801,39.0,504,45.0,469,69.0,549,87.0,126,44.0,801,26.0
664,711,comsats university islamabad,Pakistan,Asia,XL,CO,VH,Public,17.0,701,36.0,403,17.0,801,37.0,506,1.0,801,2.0,801,6.0,801,87.0,212,8.0,801,63.0,444,26.0
465,415,concordia university,Canada,Americas,XL,CO,VH,Public,22.0,572,18.0,701,5.0,801,32.0,563,64.0,362,94.0,135,95.0,112,76.0,429,58.0,281,82.0,153,34.0
16,16,cornell university,United States of America,Americas,L,FC,VH,Private not for Profit,100.0,25,99.0,27,64.0,276,98.0,48,58.0,401,76.0,251,56.0,363,93.0,126,99.0,24,77.0,218,92.0
558,526,coventry university,United Kingdom,Europe,L,CO,VH,Public,16.0,701,19.0,697,22.0,798,15.0,801,85.0,258,100.0,62,100.0,51,84.0,271,18.0,752,71.0,297,30.0
1001,1001,cracow university of technology of tadeusz kościuszko,Poland,Europe,L,SP,VH,Public,13.0,701,28.0,495,28.0,677,10.0,801,3.0,801,9.0,801,13.0,801,44.0,801,10.0,801,21.0,801,0.0
1201,1201,cukurova university,Türkiye,Asia,XL,FC,HI,Public,7.0,701,6.0,701,9.0,801,5.0,801,3.0,801,7.0,801,12.0,801,56.0,749,14.0,801,42.0,801,0.0
183,174,curtin university,Australia,Oceania,L,CO,VH,Public,46.0,254,39.0,348,18.0,801,90.0,104,100.0,57,54.0,382,59.0,348,94.0,96,38.0,459,82.0,149,58.0
951,851,cy cergy paris university,France,Europe,M,FO,VH,Public,5.0,701,5.0,701,65.0,270,7.0,801,55.0,410,59.0,347,63.0,314,48.0,801,1.0,801,31.0,801,0.0
686,0,cyprus university of technology,Cyprus,Asia,S,CO,VH,Public,8.0,701,5.0,701,49.0,389,40.0,472,68.0,343,42.0,474,43.0,478,47.0,801,11.0,801,50.0,711,26.0
416,420,czech technical university in prague,Czechia,Europe,L,SP,VH,Public,27.0,468,51.0,243,89.0,107,6.0,801,29.0,598,56.0,374,60.0,341,69.0,542,23.0,670,54.0,630,37.0
761,711,czech university of life sciences in prague,Czechia,Europe,L,FO,VH,Public,12.0,701,9.0,701,14.0,801,22.0,680,36.0,530,83.0,208,84.0,175,85.0,249,5.0,801,73.0,281,0.0
1001,951,d. serikbayev east kazakhstan technical university,Kazakhstan,Asia,M,FO,HI,Public,15.0,701,18.0,701,76.0,190,1.0,801,24.0,665,6.0,801,10.0,801,5.0,801,4.0,801,31.0,801,0.0
370,326,daegu gyeongbuk institute of science and technology (dgist),Republic of Korea,Asia,S,FO,VH,Public,17.0,701,28.0,494,82.0,156,100.0,4,5.0,801,7.0,801,11.0,801,16.0,801,3.0,801,43.0,801,40.0
1001,1201,daffodil international university,Bangladesh,Asia,L,FO,VH,Private not for Profit,16.0,701,23.0,578,6.0,801,7.0,801,8.0,801,5.0,801,9.0,801,45.0,801,8.0,801,52.0,667,0.0
283,275,dalhousie university,Canada,Americas,L,FC,VH,Public,27.0,465,24.0,563,16.0,801,76.0,171,100.0,88,79.0,225,81.0,195,80.0,353,40.0,439,85.0,107,47.0
482,448,dalian university of technology,China (Mainland),Asia,XL,CO,VH,Public,11.0,701,11.0,701,23.0,766,96.0,65,15.0,800,5.0,801,4.0,801,60.0,697,22.0,697,47.0,798,33.0
1201,1201,damascus university,Syrian Arab Republic,Asia,XL,FC,MD,Public,8.0,701,6.0,701,2.0,801,2.0,801,5.0,801,11.0,801,15.0,801,23.0,801,96.0,69,32.0,801,0.0
1001,1001,dankook university,Republic of Korea,Asia,L,FC,HI,Private not for Profit,10.0,701,8.0,701,72.0,213,5.0,801,6.0,801,13.0,801,16.0,801,17.0,801,4.0,801,48.0,770,0.0
247,243,dartmouth college,United States of America,Americas,M,FC,VH,Private not for Profit,31.0,398,54.0,225,80.0,167,57.0,307,14.0,801,59.0,351,63.0,318,46.0,801,88.0,122,82.0,146,51.0
654,641,de la salle university,Philippines,Asia,L,CO,HI,Private not for Profit,33.0,374,59.0,197,10.0,801,7.0,801,3.0,801,4.0,801,8.0,801,27.0,801,61.0,266,44.0,801,27.0
801,711,de montfort university,United Kingdom,Europe,L,FO,VH,Public,6.0,701,10.0,701,7.0,801,17.0,770,81.0,284,96.0,107,97.0,92,57.0,734,11.0,801,65.0,409,0.0
207,197,deakin university,Australia,Oceania,XL,FC,VH,Public,42.0,281,33.0,440,6.0,801,86.0,116,97.0,148,83.0,202,85.0,172,87.0,222,44.0,406,87.0,91,55.0
47,49,delft university of technology,Netherlands,Europe,L,CO,VH,Public,86.0,76,90.0,71,49.0,392,85.0,126,100.0,68,95.0,128,95.0,109,94.0,102,66.0,235,96.0,15,84.0
1201,0,delta university for science & technology,Egypt,Africa,L,FO,HI,Private not for Profit,26.0,483,9.0,701,6.0,801,5.0,801,9.0,801,2.0,801,7.0,801,14.0,801,3.0,801,33.0,801,0.0
851,0,dhofar university,Oman,Asia,S,FO,VH,Private not for Profit,10.0,701,10.0,701,12.0,801,20.0,719,100.0,21,11.0,801,14.0,801,35.0,801,70.0,208,19.0,801,0.0
624,721,diponegoro university,Indonesia,Asia,XL,FC,HI,Public,30.0,405,53.0,229,31.0,622,2.0,801,46.0,461,7.0,801,12.0,801,36.0,801,24.0,655,51.0,680,28.0
1201,1201,dokuz eylül üniversitesi,Türkiye,Asia,XL,FC,HI,Public,10.0,701,14.0,701,6.0,801,4.0,801,3.0,801,19.0,738,26.0,677,52.0,801,9.0,801,57.0,560,0.0
618,701,dongguk university,Republic of Korea,Asia,L,FC,HI,Private not for Profit,13.0,701,18.0,701,76.0,189,30.0,589,23.0,676,52.0,395,57.0,360,36.0,801,7.0,801,57.0,571,28.0
801,851,donghua university,China (Mainland),Asia,L,CO,VH,Public,5.0,701,4.0,701,32.0,596,71.0,213,2.0,801,4.0,801,3.0,801,32.0,801,5.0,801,29.0,801,0.0
1201,1201,doshisha university,Japan,Asia,L,CO,HI,Private not for Profit,11.0,701,16.0,701,7.0,801,3.0,801,22.0,685,6.0,801,12.0,801,19.0,801,26.0,620,22.0,801,0.0
711,721,drexel university,United States of America,Americas,L,FC,VH,Private not for Profit,9.0,701,11.0,701,30.0,630,37.0,503,31.0,572,37.0,521,43.0,483,69.0,552,35.0,487,49.0,737,0.0
410,421,dublin city university,Ireland,Europe,L,FC,HI,Public,29.0,423,38.0,376,28.0,683,22.0,685,81.0,292,43.0,466,48.0,429,78.0,381,40.0,436,80.0,175,37.0
62,61,duke university,United States of America,Americas,L,FC,VH,Private not for Profit,93.0,54,91.0,68,100.0,7,47.0,402,28.0,602,62.0,326,46.0,450,91.0,163,96.0,73,78.0,205,79.0
94,89,durham university,United Kingdom,Europe,L,FC,VH,Public,74.0,117,92.0,64,37.0,539,43.0,441,99.0,123,95.0,134,95.0,111,91.0,161,54.0,316,95.0,22,70.0
482,495,duy tan university,Viet Nam,Asia,L,CO,VH,Private for Profit,14.0,701,28.0,500,6.0,801,76.0,172,43.0,475,2.0,801,6.0,801,88.0,206,6.0,801,59.0,528,33.0
433,501,east china normal university,China (Mainland),Asia,XL,CO,VH,Public,20.0,619,16.0,701,20.0,801,82.0,145,47.0,457,16.0,801,12.0,801,69.0,544,15.0,801,48.0,765,36.0
673,641,east china university of science and technology,China (Mainland),Asia,XL,CO,VH,Public,9.0,701,10.0,701,15.0,801,83.0,140,3.0,801,3.0,801,2.0,801,44.0,801,13.0,801,40.0,801,26.0
1401,1401,east west university,Bangladesh,Asia,L,FO,HI,Private not for Profit,9.0,701,18.0,701,4.0,801,5.0,801,1.0,801,1.0,801,6.0,801,9.0,801,8.0,801,33.0,801,0.0
691,611,eastern mediterranean university,Northern Cyprus,Asia,L,FC,HI,Public,9.0,701,5.0,701,6.0,801,31.0,571,77.0,311,100.0,19,100.0,13,51.0,801,54.0,315,45.0,801,25.0
215,222,eberhard karls universität tübingen,Germany,Europe,L,FC,VH,Public,61.0,169,36.0,397,86.0,126,32.0,560,88.0,235,41.0,486,30.0,611,94.0,112,37.0,473,65.0,409,55.0
205,187,ecole normale supérieure de lyon,France,Europe,S,CO,VH,Public,42.0,286,26.0,528,99.0,46,89.0,106,62.0,380,24.0,677,27.0,662,73.0,485,18.0,760,50.0,699,55.0
851,801,edinburgh napier university,United Kingdom,Europe,L,CO,HI,Public,8.0,701,6.0,701,6.0,801,22.0,686,90.0,227,85.0,196,86.0,167,59.0,702,9.0,801,40.0,801,0.0
487,516,edith cowan university,Australia,Oceania,L,CO,VH,Public,14.0,701,13.0,701,6.0,801,60.0,285,96.0,160,82.0,210,84.0,176,64.0,637,7.0,801,51.0,680,33.0
851,721,effat university,Saudi Arabia,Asia,S,FO,VH,Private not for Profit,5.0,701,5.0,701,25.0,728,23.0,674,100.0,20,99.0,73,91.0,138,19.0,801,3.0,801,26.0,801,0.0
1001,1001,ege üniversitesi,Türkiye,Asia,XL,FC,HI,Public,15.0,701,24.0,549,21.0,801,5.0,801,1.0,801,9.0,801,15.0,801,71.0,511,7.0,801,33.0,801,0.0
140,136,eindhoven university of technology,Netherlands,Europe,M,FO,VH,Public,41.0,296,77.0,115,44.0,455,82.0,146,100.0,87,96.0,119,96.0,101,74.0,459,33.0,512,74.0,255,63.0
182,196,emory university,United States of America,Americas,L,FC,VH,Private not for Profit,35.0,353,38.0,369,93.0,88,86.0,120,70.0,335,50.0,411,54.0,378,85.0,255,42.0,413,64.0,432,58.0
584,564,eotvos lorand university,Hungary,Europe,XL,CO,VH,Public,32.0,390,30.0,479,17.0,801,9.0,801,6.0,801,26.0,644,32.0,588,80.0,354,69.0,220,68.0,349,29.0
140,158,erasmus university rotterdam,Netherlands,Europe,L,FO,VH,Public,49.0,230,75.0,129,21.0,801,76.0,174,82.0,280,82.0,216,61.0,333,82.0,318,94.0,81,62.0,454,63.0
1201,1201,erciyes üniversitesi,Türkiye,Asia,XL,FC,HI,Public,7.0,701,5.0,701,4.0,801,12.0,801,10.0,801,15.0,801,21.0,751,53.0,794,2.0,801,52.0,656,0.0
1401,1201,escuela politécnica nacional,Ecuador,Americas,M,FO,VH,Public,10.0,701,11.0,701,19.0,801,6.0,801,6.0,801,3.0,801,7.0,801,17.0,801,7.0,801,25.0,801,0.0
951,1001,escuela superior politécnica del litoral - espol,Ecuador,Americas,M,CO,VH,Public,23.0,552,22.0,612,33.0,593,5.0,801,20.0,712,2.0,801,7.0,801,27.0,801,12.0,801,49.0,725,0.0
7,7,eth zurich (swiss federal institute of technology),Switzerland,Europe,L,FO,VH,Public,100.0,18,96.0,42,72.0,214,99.0,40,100.0,28,99.0,58,74.0,241,96.0,64,95.0,76,100.0,2,97.0
851,0,european university of lefke (eul),Northern Cyprus,Asia,M,FO,HI,Public,7.0,701,14.0,701,10.0,801,12.0,801,100.0,66,100.0,2,100.0,26,14.0,801,55.0,303,19.0,801,0.0
504,511,ewha womans university,Republic of Korea,Asia,L,FC,HI,Private not for Profit,34.0,363,27.0,515,75.0,195,14.0,801,10.0,801,38.0,519,43.0,481,33.0,801,28.0,586,67.0,361,32.0
731,631,far eastern federal university,Russian Federation,Europe,L,CO,HI,Public,14.0,701,10.0,701,99.0,47,3.0,801,17.0,769,79.0,226,81.0,204,48.0,801,7.0,801,38.0,801,0.0
1201,1201,feng chia university,Taiwan,Asia,L,FO,VH,Private for Profit,12.0,701,12.0,701,6.0,801,12.0,801,6.0,801,7.0,801,11.0,801,10.0,801,21.0,707,54.0,624,0.0
951,951,ferdowsi university of mashhad,Iran (Islamic Republic of),Asia,L,CO,VH,Public,11.0,701,11.0,701,6.0,801,35.0,524,0.0,0,10.0,801,12.0,801,75.0,453,13.0,801,33.0,801,0.0
1001,951,financial university under the government of the russian federation,Russian Federation,Europe,L,FO,VH,Public,5.0,701,17.0,701,44.0,450,3.0,801,7.0,801,39.0,500,45.0,467,38.0,801,58.0,291,44.0,801,0.0
387,336,flinders university,Australia,Oceania,L,FC,VH,Public,20.0,629,10.0,701,11.0,801,64.0,252,98.0,144,97.0,99,97.0,87,77.0,400,16.0,801,82.0,154,39.0
1001,1201,florida atlantic university - boca raton,United States of America,Americas,L,FC,HI,Public,7.0,701,15.0,701,6.0,801,18.0,746,8.0,801,13.0,801,10.0,801,65.0,618,13.0,801,48.0,746,0.0
582,574,florida international university,United States of America,Americas,XL,FC,HI,Public,23.0,551,38.0,363,18.0,801,18.0,759,28.0,617,23.0,692,29.0,630,85.0,260,28.0,595,79.0,187,29.0
549,573,florida state university,United States of America,Americas,XL,FC,VH,Public,33.0,375,24.0,562,11.0,801,34.0,536,16.0,772,9.0,801,15.0,801,75.0,454,35.0,493,63.0,449,30.0
1001,1001,fordham university,United States of America,Americas,L,CO,HI,Private not for Profit,9.0,701,17.0,701,19.0,801,10.0,801,11.0,801,23.0,685,18.0,801,23.0,801,48.0,369,32.0,801,0.0
88,97,freie universität berlin,Germany,Europe,L,FC,VH,Public,88.0,71,66.0,160,8.0,801,84.0,128,74.0,322,56.0,373,60.0,340,94.0,92,47.0,374,65.0,391,71.0
1201,1201,fu jen catholic university,Taiwan,Asia,L,FC,HI,Private not for Profit,11.0,701,11.0,701,5.0,801,15.0,801,13.0,801,8.0,801,13.0,801,9.0,801,36.0,479,45.0,801,0.0
30,39,fudan university,China (Mainland),Asia,XL,FC,VH,Public,94.0,50,95.0,49,85.0,137,93.0,89,89.0,234,46.0,433,51.0,402,76.0,431,73.0,193,83.0,134,88.0
901,901,future university in egypt,Egypt,Africa,M,FO,VH,Private not for Profit,7.0,701,41.0,334,47.0,416,5.0,801,18.0,738,33.0,558,35.0,558,50.0,801,3.0,801,36.0,801,0.0
1201,0,galgotias university,India,Asia,L,CO,HI,Private not for Profit,17.0,701,5.0,701,36.0,553,3.0,801,21.0,696,15.0,801,18.0,793,17.0,801,3.0,801,0.0,0,0.0
901,901,gazi üniversitesi,Türkiye,Asia,XL,FC,HI,Public,24.0,533,24.0,551,10.0,801,8.0,801,1.0,801,8.0,801,13.0,801,61.0,676,29.0,576,56.0,589,0.0
801,801,gdansk university of technology,Poland,Europe,L,FO,VH,Public,12.0,701,24.0,560,32.0,603,26.0,630,7.0,801,8.0,801,13.0,801,70.0,531,4.0,801,64.0,422,0.0
1001,1001,gebze technical university,Türkiye,Asia,M,CO,VH,Public,7.0,701,10.0,701,9.0,801,40.0,463,20.0,718,11.0,801,15.0,801,41.0,801,3.0,801,42.0,801,0.0
243,252,georg-august-universität göttingen,Germany,Europe,L,FC,VH,Public,57.0,190,36.0,405,87.0,122,26.0,626,59.0,395,38.0,517,43.0,479,95.0,80,51.0,334,61.0,480,51.0
951,1001,george mason university,United States of America,Americas,L,CO,VH,Public,12.0,701,12.0,701,17.0,801,18.0,753,16.0,790,17.0,778,13.0,801,68.0,575,17.0,776,56.0,578,0.0
358,371,george washington university,United States of America,Americas,L,FC,VH,Private not for Profit,32.0,389,46.0,297,30.0,628,43.0,436,13.0,801,39.0,498,45.0,466,79.0,373,86.0,133,60.0,502,41.0
285,301,georgetown university,United States of America,Americas,L,FC,VH,Private not for Profit,38.0,312,61.0,190,74.0,203,22.0,689,23.0,677,51.0,401,56.0,366,67.0,581,96.0,67,69.0,329,47.0
123,114,georgia institute of technology,United States of America,Americas,XL,CO,VH,Public,76.0,107,93.0,61,32.0,595,54.0,340,22.0,692,60.0,339,64.0,308,79.0,368,68.0,228,66.0,376,66.0
781,851,georgia state university,United States of America,Americas,L,FO,VH,Public,15.0,701,29.0,486,6.0,801,33.0,547,7.0,801,19.0,747,14.0,801,65.0,627,29.0,572,47.0,780,0.0
1001,901,georgian technical university,Georgia,Asia,L,FO,HI,Public,7.0,701,7.0,701,1.0,801,54.0,336,0.0,0,0.0,0,0.0,0,8.0,801,29.0,562,3.0,801,0.0
801,901,german jordanian university,Jordan,Asia,S,FO,VH,Public,15.0,701,29.0,490,35.0,569,13.0,801,85.0,256,24.0,676,26.0,668,18.0,801,11.0,801,22.0,801,0.0
1201,1201,german university in cairo,Egypt,Africa,L,CO,HI,Private not for Profit,12.0,701,21.0,617,10.0,801,3.0,801,18.0,750,1.0,801,1.0,801,20.0,801,6.0,801,10.0,801,0.0
1001,0,german university of technology in oman  (gutech),Oman,Asia,S,FO,HI,Private for Profit,9.0,701,14.0,701,6.0,801,9.0,801,100.0,36,6.0,801,10.0,801,14.0,801,73.0,195,0.0,0,0.0
162,169,ghent university,Belgium,Europe,XL,FC,VH,Public,68.0,141,39.0,350,85.0,140,32.0,557,83.0,267,34.0,549,40.0,504,99.0,11,85.0,136,94.0,30,61.0
1001,1001,gifu university,Japan,Asia,M,FO,VH,Public,6.0,701,5.0,701,59.0,308,14.0,801,7.0,801,6.0,801,10.0,801,23.0,801,2.0,801,44.0,801,0.0
1001,1001,glasgow caledonian university,United Kingdom,Europe,L,FO,VH,Public,7.0,701,10.0,701,6.0,801,11.0,801,46.0,465,77.0,242,79.0,212,40.0,801,9.0,801,57.0,562,0.0
316,309,goethe universität frankfurt am main,Germany,Europe,L,FC,VH,Public,52.0,214,39.0,362,27.0,697,32.0,567,55.0,411,30.0,590,36.0,535,88.0,205,29.0,583,83.0,135,44.0
427,413,graz university of technology,Austria,Europe,M,FO,VH,Public,22.0,568,22.0,601,99.0,43,19.0,735,87.0,248,71.0,267,53.0,388,52.0,801,15.0,801,43.0,801,36.0
268,255,griffith university,Australia,Oceania,L,FC,VH,Public,38.0,318,17.0,701,13.0,801,75.0,178,100.0,91,71.0,271,74.0,243,93.0,119,27.0,615,92.0,49,49.0
901,851,gulf university for science and technology (gust),Kuwait,Asia,S,FO,VH,Private for Profit,16.0,701,15.0,701,18.0,801,11.0,801,100.0,22,35.0,545,38.0,517,20.0,801,12.0,801,29.0,801,0.0
1201,1001,gunma university,Japan,Asia,M,FO,VH,Public,4.0,701,3.0,701,90.0,104,9.0,801,6.0,801,5.0,801,9.0,801,11.0,801,2.0,801,15.0,801,0.0
951,1001,guru gobind singh indraprastha university,India,Asia,S,CO,VH,Public,6.0,701,15.0,701,13.0,801,49.0,384,5.0,801,9.0,801,13.0,801,27.0,801,13.0,801,43.0,801,0.0
385,359,gwangju institute of science and technology (gist),Republic of Korea,Asia,S,SP,VH,Public,21.0,584,12.0,701,57.0,326,100.0,16,16.0,787,19.0,751,21.0,750,29.0,801,2.0,801,55.0,596,39.0
571,641,hacettepe university,Türkiye,Asia,L,FC,VH,Public,33.0,371,51.0,251,19.0,801,12.0,801,4.0,801,6.0,801,11.0,801,74.0,483,31.0,536,58.0,539,29.0
1001,951,hallym university,Republic of Korea,Asia,M,FC,VH,Private not for Profit,3.0,701,3.0,701,96.0,70,13.0,801,4.0,801,4.0,801,8.0,801,9.0,801,2.0,801,41.0,801,0.0
244,183,hamad bin khalifa university,Qatar,Asia,S,FO,VH,Public,14.0,701,7.0,701,100.0,20,100.0,6,100.0,10,100.0,6,100.0,29,76.0,424,7.0,801,39.0,801,51.0
1201,1201,hanoi university of science and technology,Viet Nam,Asia,XL,FO,VH,Public,12.0,701,16.0,701,3.0,801,10.0,801,6.0,801,2.0,801,6.0,801,23.0,801,31.0,537,51.0,677,0.0
159,162,hanyang university,Republic of Korea,Asia,L,FC,VH,Private not for Profit,58.0,184,82.0,99,82.0,159,43.0,440,24.0,664,70.0,279,73.0,249,66.0,615,55.0,307,83.0,137,61.0
1001,1001,harbin engineering university,China (Mainland),Asia,L,FO,VH,Public,5.0,701,7.0,701,24.0,752,47.0,406,3.0,801,4.0,801,9.0,801,40.0,801,7.0,801,24.0,801,0.0
256,252,harbin institute of technology,China (Mainland),Asia,XL,FO,VH,Public,33.0,367,48.0,270,42.0,479,100.0,22,13.0,801,9.0,801,15.0,801,74.0,481,35.0,490,48.0,757,50.0
1401,1201,harper adams university,United Kingdom,Europe,M,FO,HI,Public,4.0,701,16.0,701,7.0,801,12.0,801,22.0,690,6.0,801,10.0,801,14.0,801,1.0,801,19.0,801,0.0
5,4,harvard university,United States of America,Americas,L,FC,VH,Private not for Profit,100.0,1,100.0,1,98.0,50,100.0,1,79.0,300,81.0,217,61.0,335,99.0,8,100.0,1,78.0,201,98.0
951,1001,hasanuddin university,Indonesia,Asia,XL,FC,HI,Public,24.0,538,18.0,701,42.0,484,2.0,801,12.0,801,3.0,801,8.0,801,20.0,801,22.0,695,53.0,646,0.0
597,554,hasselt university,Belgium,Europe,M,FC,HI,Public,9.0,701,5.0,701,86.0,128,23.0,671,79.0,306,41.0,483,46.0,448,70.0,533,7.0,801,63.0,444,28.0
240,281,hebrew university of jerusalem,Israel,Asia,L,FC,VH,Public,43.0,276,36.0,394,75.0,201,42.0,452,82.0,279,34.0,551,39.0,509,74.0,460,97.0,57,66.0,387,51.0
1201,1201,helwan university,Egypt,Africa,XL,CO,HI,Public,11.0,701,15.0,701,5.0,801,3.0,801,1.0,801,3.0,801,3.0,801,64.0,642,20.0,724,36.0,801,0.0
287,256,heriot-watt university,United Kingdom,Europe,M,CO,VH,Public,26.0,490,35.0,415,27.0,692,62.0,275,100.0,78,97.0,100,97.0,89,76.0,425,37.0,467,77.0,210,47.0
1401,1201,herzen state pedagogical university of russia,Russian Federation,Europe,L,FO,HI,Public,4.0,701,4.0,701,22.0,785,2.0,801,2.0,801,60.0,344,56.0,364,11.0,801,7.0,801,25.0,801,0.0
480,474,hiroshima university,Japan,Asia,L,FC,VH,Public,35.0,351,17.0,701,80.0,168,17.0,762,19.0,725,23.0,690,17.0,801,70.0,525,12.0,801,73.0,271,33.0
553,539,hitotsubashi university,Japan,Asia,M,SP,VH,Public,20.0,627,78.0,112,42.0,473,4.0,801,31.0,573,34.0,553,36.0,533,12.0,801,58.0,290,32.0,801,30.0
1001,1001,hohai university,China (Mainland),Asia,XL,FO,VH,Public,3.0,701,3.0,701,18.0,801,33.0,548,0.0,0,0.0,0,0.0,0,74.0,463,1.0,801,39.0,801,0.0
170,173,hokkaido university,Japan,Asia,L,FC,VH,Public,72.0,129,69.0,151,77.0,185,43.0,445,28.0,604,21.0,724,27.0,664,78.0,393,26.0,617,79.0,192,59.0
771,771,holy spirit university of kaslik,Lebanon,Asia,M,FO,HI,Private not for Profit,11.0,701,21.0,637,70.0,226,4.0,801,99.0,117,52.0,397,53.0,383,10.0,801,7.0,801,38.0,801,0.0
244,252,hong kong baptist university,"Hong Kong SAR, China",Asia,M,CO,VH,Public,28.0,445,22.0,610,67.0,251,82.0,141,99.0,118,100.0,22,100.0,33,38.0,801,23.0,672,68.0,358,51.0
781,0,hong kong metropolitan university,"Hong Kong SAR, China",Asia,L,FO,HI,,27.0,476,7.0,701,4.0,801,10.0,801,90.0,222,93.0,147,82.0,189,11.0,801,29.0,563,37.0,801,0.0
1401,1201,hongik university,Republic of Korea,Asia,L,FO,VH,Private for Profit,6.0,701,9.0,701,14.0,801,5.0,801,19.0,731,15.0,801,18.0,791,15.0,801,6.0,801,27.0,801,0.0
1001,1001,howard university,United States of America,Americas,M,FC,HI,Private not for Profit,8.0,701,16.0,701,44.0,457,6.0,801,1.0,801,6.0,801,5.0,801,35.0,801,38.0,461,38.0,801,0.0
901,801,huazhong agricultural university,China (Mainland),Asia,XL,CO,VH,Public,5.0,701,2.0,701,9.0,801,66.0,245,5.0,801,2.0,801,2.0,801,41.0,801,5.0,801,39.0,801,0.0
319,300,huazhong university of science and technology,China (Mainland),Asia,XL,FC,VH,Public,31.0,395,33.0,431,12.0,801,100.0,10,7.0,801,5.0,801,4.0,801,80.0,349,34.0,505,56.0,582,44.0
1401,1201,hue university,Viet Nam,Asia,XL,CO,HI,Public,8.0,701,15.0,701,4.0,801,3.0,801,2.0,801,2.0,801,6.0,801,28.0,801,7.0,801,28.0,801,0.0
680,651,hufs - hankuk (korea) university of foreign studies,Republic of Korea,Asia,L,CO,HI,Private not for Profit,18.0,696,26.0,531,85.0,133,3.0,801,40.0,498,71.0,275,73.0,246,14.0,801,4.0,801,52.0,673,26.0
130,126,humboldt-universität zu berlin,Germany,Europe,XL,FC,VH,Public,94.0,47,75.0,126,11.0,801,43.0,435,76.0,314,48.0,424,36.0,541,95.0,85,28.0,603,58.0,536,65.0
504,448,hunan university,China (Mainland),Asia,XL,FO,VH,Public,11.0,701,12.0,701,21.0,801,95.0,74,6.0,801,3.0,801,2.0,801,58.0,721,33.0,520,41.0,801,32.0
851,791,i.m. sechenov first moscow state medical university,Russian Federation,Europe,L,SP,VH,Public,5.0,701,10.0,701,64.0,277,10.0,801,12.0,801,74.0,259,76.0,231,84.0,268,2.0,801,24.0,801,0.0
438,435,ie university,Spain,Europe,M,FO,HI,Private for Profit,13.0,701,70.0,144,48.0,409,4.0,801,94.0,194,100.0,3,100.0,1,6.0,801,70.0,206,53.0,646,35.0
801,0,iit gandhinagar,India,Asia,S,FO,VH,Public,7.0,701,9.0,701,52.0,364,53.0,350,3.0,801,2.0,801,6.0,801,20.0,801,2.0,801,42.0,801,0.0
591,601,illinois institute of technology,United States of America,Americas,M,CO,VH,Private not for Profit,17.0,701,23.0,575,16.0,801,48.0,396,19.0,734,100.0,48,100.0,38,27.0,801,23.0,683,33.0,801,29.0
491,513,imam abdulrahman bin faisal university (formerly university of dammam),Saudi Arabia,Asia,L,FC,HI,Public,17.0,701,31.0,456,95.0,74,6.0,801,99.0,125,35.0,544,35.0,544,74.0,471,3.0,801,55.0,596,33.0
851,901,imam muhammad ibn saud islamic university - imsiu,Saudi Arabia,Asia,XL,FC,HI,Public,17.0,701,12.0,701,27.0,696,2.0,801,92.0,210,19.0,753,25.0,693,57.0,741,36.0,483,35.0,801,0.0
951,801,immanuel kant baltic federal university,Russian Federation,Europe,M,CO,VH,Public,8.0,701,5.0,701,86.0,124,3.0,801,28.0,607,53.0,386,51.0,407,35.0,801,2.0,801,32.0,801,0.0
2,2,imperial college london,United Kingdom,Europe,L,FO,VH,Public,100.0,22,100.0,9,99.0,42,95.0,69,100.0,74,100.0,35,100.0,22,98.0,28,96.0,68,98.0,7,99.0
1401,1401,indian institute of information technology - allahabad,India,Asia,S,FO,VH,Public,4.0,701,13.0,701,3.0,801,28.0,613,0.0,0,4.0,801,8.0,801,8.0,801,2.0,801,7.0,801,0.0
219,211,indian institute of science (iisc) bangalore,India,Asia,M,SP,VH,Public,57.0,198,46.0,286,39.0,520,100.0,15,6.0,801,2.0,801,6.0,801,45.0,801,15.0,801,66.0,374,54.0
566,531,indian institute of technology bhu varanasi (iit bhu varanasi),India,Asia,M,FO,VH,Public,9.0,701,19.0,670,5.0,801,98.0,47,3.0,801,1.0,801,6.0,801,31.0,801,10.0,801,48.0,749,29.0
951,951,indian institute of technology bhubaneswar (iit bbs),India,Asia,S,FO,VH,Public,5.0,701,12.0,701,16.0,801,56.0,321,0.0,0,1.0,801,6.0,801,11.0,801,2.0,801,42.0,801,0.0
129,118,indian institute of technology bombay (iitb),India,Asia,L,FO,VH,Public,73.0,120,97.0,39,16.0,801,83.0,136,7.0,801,2.0,801,2.0,801,47.0,801,73.0,198,75.0,232,65.0
123,150,indian institute of technology delhi (iitd),India,Asia,M,FO,VH,Public,68.0,142,95.0,50,22.0,792,93.0,86,3.0,801,2.0,801,6.0,801,67.0,590,51.0,340,80.0,172,66.0
334,344,indian institute of technology guwahati (iitg),India,Asia,M,CO,VH,Public,25.0,500,62.0,184,10.0,801,97.0,56,8.0,801,2.0,801,6.0,801,53.0,795,9.0,801,43.0,801,42.0
664,681,indian institute of technology hyderabad (iith),India,Asia,S,CO,VH,Public,10.0,701,15.0,701,20.0,801,84.0,130,1.0,801,2.0,801,6.0,801,18.0,801,7.0,801,42.0,801,26.0
556,477,indian institute of technology indore,India,Asia,S,FO,VH,Public,8.0,701,17.0,701,29.0,658,97.0,57,2.0,801,1.0,801,6.0,801,28.0,801,5.0,801,35.0,801,30.0
222,263,indian institute of technology kanpur (iitk),India,Asia,M,FO,VH,Public,49.0,229,83.0,95,16.0,801,84.0,129,3.0,801,1.0,801,6.0,801,42.0,801,48.0,366,75.0,243,54.0
215,222,indian institute of technology kharagpur (iitkgp),India,Asia,L,CO,VH,Public,43.0,278,79.0,109,11.0,801,97.0,55,0.0,0,1.0,801,6.0,801,70.0,528,48.0,365,78.0,201,55.0
180,227,indian institute of technology madras (iitm),India,Asia,M,CO,VH,Public,57.0,196,86.0,87,21.0,801,90.0,102,3.0,801,3.0,801,7.0,801,46.0,801,46.0,380,73.0,274,58.0
339,335,indian institute of technology roorkee (iitr),India,Asia,M,FO,VH,Public,27.0,470,52.0,234,10.0,801,97.0,61,2.0,801,4.0,801,8.0,801,55.0,776,20.0,734,58.0,550,42.0
306,355,indiana university bloomington,United States of America,Americas,XL,FC,VH,Public,45.0,266,50.0,252,34.0,570,31.0,573,52.0,428,18.0,757,25.0,694,87.0,228,77.0,171,66.0,381,45.0
1201,0,industrial university of ho chi minh city,Viet Nam,Asia,L,CO,HI,Public,23.0,554,15.0,701,5.0,801,5.0,801,2.0,801,3.0,801,7.0,801,13.0,801,7.0,801,20.0,801,0.0
643,631,inha university,Republic of Korea,Asia,L,FC,VH,Private not for Profit,18.0,699,20.0,659,75.0,198,24.0,661,18.0,752,26.0,650,29.0,622,28.0,801,17.0,779,65.0,405,27.0
406,405,institut national des sciences appliquées de lyon (insa),France,Europe,M,FO,VH,Public,9.0,701,38.0,367,43.0,468,69.0,222,34.0,542,78.0,237,80.0,208,59.0,711,18.0,764,39.0,801,37.0
41,46,institut polytechnique de paris,France,Europe,M,CO,VH,Public,58.0,185,100.0,14,95.0,76,97.0,52,100.0,99,99.0,61,99.0,50,93.0,125,99.0,25,78.0,198,85.0
1201,0,institut teknologi nasional bandung (itenas bandung),Indonesia,Asia,M,SP,LO,Private not for Profit,22.0,562,5.0,701,13.0,801,2.0,801,3.0,801,1.0,801,6.0,801,3.0,801,3.0,801,27.0,801,0.0
509,585,institut teknologi sepuluh nopember (its),Indonesia,Asia,L,CO,VH,Public,27.0,456,60.0,192,62.0,287,3.0,801,70.0,337,12.0,801,18.0,800,28.0,801,17.0,782,53.0,654,32.0
851,801,instituto politécnico nacional (ipn),Mexico,Americas,XL,FO,VH,Public,27.0,474,34.0,423,17.0,801,3.0,801,7.0,801,2.0,801,7.0,801,47.0,801,13.0,801,56.0,573,0.0
801,751,instituto tecnológico autonomo de méxico (itam),Mexico,Americas,S,SP,MD,Private not for Profit,22.0,575,40.0,343,22.0,784,3.0,801,51.0,436,2.0,801,7.0,801,9.0,801,80.0,159,25.0,801,0.0
1201,1201,instituto tecnológico de santo domingo (intec),Dominican Republic,Americas,M,FO,MD,Public,2.0,701,6.0,701,36.0,554,2.0,801,23.0,674,5.0,801,9.0,801,7.0,801,50.0,348,18.0,801,0.0
1201,1001,international christian university,Japan,Asia,S,FO,HI,Private for Profit,6.0,701,15.0,701,22.0,801,2.0,801,83.0,269,16.0,800,12.0,801,6.0,801,15.0,801,16.0,801,0.0
1201,1001,international islamic university islamabad (iiu),Pakistan,Asia,L,CO,HI,Public,9.0,701,14.0,701,5.0,801,16.0,795,6.0,801,10.0,801,13.0,801,58.0,719,3.0,801,29.0,801,0.0
613,661,international islamic university malaysia (iium),Malaysia,Asia,L,FC,HI,Public,36.0,337,27.0,503,18.0,801,6.0,801,29.0,592,69.0,282,51.0,401,59.0,712,32.0,523,32.0,801,28.0
509,516,inti international university,Malaysia,Asia,S,CO,VH,Private for Profit,14.0,701,38.0,368,95.0,73,3.0,801,100.0,39,100.0,50,100.0,46,19.0,801,5.0,801,33.0,801,32.0
449,470,iowa state university,United States of America,Americas,L,CO,VH,Public,26.0,479,22.0,611,11.0,801,61.0,281,7.0,801,18.0,764,24.0,703,79.0,370,51.0,339,65.0,398,34.0
399,426,ipb university (aka bogor agricultural university),Indonesia,Asia,L,FO,VH,Public,35.0,342,56.0,213,83.0,153,3.0,801,74.0,323,6.0,801,11.0,801,26.0,801,45.0,386,63.0,436,38.0
496,436,iran university of science and technology,Iran (Islamic Republic of),Asia,M,FO,VH,Public,12.0,701,24.0,553,4.0,801,100.0,19,7.0,801,9.0,801,11.0,801,64.0,629,9.0,801,27.0,801,32.0
711,661,iscte - instituto universitario de lisboa,Portugal,Europe,L,FO,VH,Public,9.0,701,19.0,687,3.0,801,42.0,448,27.0,623,56.0,375,60.0,342,50.0,801,40.0,435,57.0,562,0.0
571,489,isfahan university of technology,Iran (Islamic Republic of),Asia,M,FO,VH,,8.0,701,23.0,586,6.0,801,98.0,50,2.0,801,4.0,801,8.0,801,46.0,801,10.0,801,28.0,801,29.0
1201,0,islamic azad university,Iran (Islamic Republic of),Asia,,CO,,,6.0,701,5.0,701,2.0,801,9.0,801,0.0,0,1.0,801,1.0,801,96.0,55,36.0,482,29.0,801,0.0
1401,1201,islamic university of indonesia (universitas islam indonesia),Indonesia,Asia,L,CO,HI,Private not for Profit,18.0,701,7.0,701,3.0,801,3.0,801,4.0,801,1.0,801,1.0,801,13.0,801,5.0,801,34.0,801,0.0
1001,0,islamic university of lebanon,Lebanon,Asia,M,FO,MD,Private for Profit,11.0,701,13.0,701,40.0,513,1.0,801,37.0,523,99.0,75,82.0,190,2.0,801,4.0,801,0.0,0,0.0
1201,1001,islamic university of madinah,Saudi Arabia,Asia,L,FO,HI,Public,8.0,701,4.0,701,8.0,801,3.0,801,47.0,459,100.0,8,100.0,3,19.0,801,3.0,801,8.0,801,0.0
1201,0,islamic university of technology,Bangladesh,Asia,S,FO,VH,Public,7.0,701,15.0,701,14.0,801,16.0,781,6.0,801,26.0,653,26.0,680,6.0,801,5.0,801,15.0,801,0.0
1201,1201,istanbul aydin university,Türkiye,Asia,L,FO,HI,Private not for Profit,9.0,701,6.0,701,19.0,801,2.0,801,14.0,801,69.0,284,72.0,255,10.0,801,2.0,801,32.0,801,0.0
1401,1201,istanbul bilgi üniversitesi,Türkiye,Asia,M,FO,HI,Private not for Profit,6.0,701,10.0,701,15.0,801,3.0,801,4.0,801,25.0,656,31.0,604,7.0,801,24.0,653,39.0,801,0.0
298,326,istanbul technical university,Türkiye,Asia,L,FO,VH,Public,40.0,305,85.0,91,12.0,801,35.0,521,10.0,801,37.0,531,42.0,491,76.0,419,80.0,162,69.0,342,46.0
628,621,istanbul university,Türkiye,Asia,XL,FC,HI,Public,33.0,368,43.0,313,5.0,801,5.0,801,7.0,801,21.0,720,27.0,660,71.0,518,79.0,166,38.0,801,27.0
711,595,itmo university,Russian Federation,Europe,L,FO,VH,Public,13.0,701,17.0,701,93.0,89,11.0,801,27.0,621,45.0,453,50.0,418,60.0,689,4.0,801,27.0,801,0.0
1001,1001,iu indianapolis,United States of America,Americas,L,FC,HI,Public,9.0,701,8.0,701,24.0,761,23.0,676,39.0,509,9.0,801,15.0,801,51.0,801,7.0,801,44.0,801,0.0
1201,1201,ivan franko national university of lviv,Ukraine,Europe,L,CO,HI,Public,10.0,701,25.0,533,33.0,590,2.0,801,1.0,801,2.0,801,6.0,801,13.0,801,26.0,622,43.0,801,0.0
951,791,ivane javakhishvili tbilisi state university,Georgia,Asia,L,FC,MD,Public,12.0,701,1.0,701,84.0,150,1.0,801,2.0,801,8.0,801,12.0,801,25.0,801,95.0,75,18.0,801,0.0
1201,1201,izmir yüksek teknoloji enstitüsü (iyte),Türkiye,Asia,S,CO,VH,Public,11.0,701,11.0,701,8.0,801,19.0,742,9.0,801,5.0,801,9.0,801,23.0,801,2.0,801,39.0,801,0.0
1401,0,jadara university,Jordan,Asia,M,CO,MD,Private not for Profit,10.0,701,4.0,701,29.0,644,3.0,801,5.0,801,50.0,410,37.0,525,4.0,801,6.0,801,0.0,0,0.0
676,721,jadavpur university,India,Asia,M,FO,VH,Public,23.0,544,11.0,701,14.0,801,56.0,319,0.0,0,1.0,801,6.0,801,44.0,801,20.0,733,61.0,470,26.0
303,312,jagiellonian university,Poland,Europe,XL,FO,VH,Public,50.0,226,54.0,224,75.0,193,10.0,801,8.0,801,30.0,591,36.0,536,89.0,198,62.0,256,72.0,296,45.0
1201,1201,jahangirnagar university,Bangladesh,Asia,L,CO,HI,,12.0,701,18.0,701,6.0,801,9.0,801,0.0,0,0.0,0,0.0,0,35.0,801,5.0,801,33.0,801,0.0
440,445,james cook university,Australia,Oceania,M,FC,VH,Public,21.0,591,11.0,701,28.0,689,60.0,286,47.0,454,38.0,518,43.0,480,84.0,279,11.0,801,82.0,151,35.0
558,580,jawaharlal nehru university,India,Asia,M,CO,VH,Public,40.0,303,17.0,701,17.0,801,38.0,497,0.0,0,2.0,801,6.0,801,57.0,737,21.0,716,59.0,514,30.0
1201,1201,jeju national university,Republic of Korea,Asia,M,FC,VH,Public,5.0,701,3.0,701,44.0,446,14.0,801,9.0,801,9.0,801,13.0,801,23.0,801,2.0,801,53.0,632,0.0
701,681,jeonbuk national university (formerly known as chonbuk national university),Republic of Korea,Asia,L,FC,VH,Public,20.0,618,14.0,701,74.0,207,21.0,693,13.0,801,17.0,789,20.0,756,34.0,801,4.0,801,65.0,407,0.0
851,1001,jiangnan university,China (Mainland),Asia,L,FC,VH,Public,6.0,701,5.0,701,16.0,801,65.0,248,0.0,0,0.0,0,0.0,0,58.0,716,1.0,801,30.0,801,0.0
473,497,jilin university,China (Mainland),Asia,XL,FC,VH,Public,16.0,701,47.0,276,36.0,557,54.0,342,16.0,791,2.0,801,2.0,801,65.0,620,33.0,513,49.0,743,34.0
540,580,jinan university (china),China (Mainland),Asia,XL,FC,VH,Public,9.0,701,9.0,701,12.0,801,75.0,177,42.0,486,89.0,174,66.0,295,47.0,801,11.0,801,41.0,801,31.0
452,501,johannes gutenberg universität mainz,Germany,Europe,L,FO,VH,Public,33.0,378,20.0,667,71.0,225,18.0,750,51.0,433,26.0,641,32.0,584,88.0,209,18.0,756,52.0,658,34.0
473,472,johannes kepler university linz,Austria,Europe,M,FO,VH,Public,18.0,700,15.0,701,80.0,166,25.0,635,90.0,223,58.0,360,62.0,327,57.0,743,15.0,801,61.0,480,34.0
24,32,johns hopkins university,United States of America,Americas,L,FC,VH,Private not for Profit,93.0,51,79.0,108,100.0,14,86.0,118,71.0,333,94.0,137,95.0,113,97.0,29,84.0,141,93.0,35,90.0
461,554,jordan university of science & technology,Jordan,Asia,L,CO,VH,Public,32.0,386,48.0,273,23.0,774,12.0,801,67.0,350,88.0,183,84.0,180,55.0,775,6.0,801,52.0,661,34.0
416,428,julius-maximilians-universität würzburg,Germany,Europe,L,FC,VH,Public,21.0,579,10.0,701,9.0,801,87.0,115,60.0,389,20.0,731,15.0,801,78.0,379,17.0,783,50.0,699,37.0
496,445,justus-liebig-universität gießen,Germany,Europe,L,FC,VH,Public,15.0,701,10.0,701,3.0,801,86.0,121,19.0,724,29.0,605,22.0,738,81.0,340,17.0,784,53.0,632,32.0
1201,1001,kagoshima university,Japan,Asia,M,FC,VH,Public,8.0,701,5.0,701,70.0,234,6.0,801,5.0,801,5.0,801,4.0,801,24.0,801,2.0,801,23.0,801,0.0
1001,0,kalinga institute of industrial technology,India,Asia,L,CO,VH,Private not for Profit,6.0,701,5.0,701,52.0,360,5.0,801,18.0,744,25.0,664,29.0,623,53.0,790,2.0,801,51.0,692,0.0
901,901,kanazawa university,Japan,Asia,M,FC,VH,Public,13.0,701,7.0,701,58.0,311,22.0,684,12.0,801,11.0,801,15.0,801,34.0,801,2.0,801,53.0,644,0.0
1001,1001,kangwon national university,Republic of Korea,Asia,L,FC,HI,Public,8.0,701,7.0,701,32.0,601,15.0,798,7.0,801,10.0,801,14.0,801,29.0,801,4.0,801,57.0,568,0.0
901,851,kansas state university,United States of America,Americas,L,CO,VH,Public,9.0,701,12.0,701,16.0,801,32.0,569,26.0,633,10.0,801,7.0,801,60.0,685,21.0,706,43.0,801,0.0
901,901,karaganda buketov university,Kazakhstan,Asia,L,CO,MD,Private not for Profit,18.0,698,37.0,389,60.0,301,1.0,801,15.0,801,19.0,754,20.0,766,6.0,801,11.0,801,22.0,801,0.0
668,671,karl-franzens-universität graz,Austria,Europe,L,FO,VH,Public,27.0,469,13.0,701,19.0,801,14.0,801,53.0,424,39.0,511,29.0,628,70.0,524,44.0,403,53.0,652,26.0
98,102,karlsruhe institute of technology (kit),Germany,Europe,L,FO,VH,Public,57.0,194,87.0,82,49.0,397,77.0,168,84.0,265,57.0,363,61.0,330,87.0,219,62.0,254,80.0,180,69.0
701,781,kasetsart university,Thailand,Asia,XL,CO,VH,Public,37.0,320,37.0,383,10.0,801,5.0,801,8.0,801,2.0,801,6.0,801,46.0,801,31.0,534,61.0,491,0.0
741,751,kaunas university of technology,Lithuania,Europe,M,FO,VH,Public,15.0,701,22.0,602,38.0,533,18.0,761,5.0,801,40.0,489,45.0,458,69.0,556,29.0,570,59.0,521,0.0
1201,1201,kazakh ablai khan university of international relations and world languages,Kazakhstan,Asia,M,SP,LO,Public,10.0,701,17.0,701,54.0,348,1.0,801,10.0,801,9.0,801,12.0,801,1.0,801,4.0,801,0.0,0,0.0
697,671,kazakh national agrarian university,Kazakhstan,Asia,M,SP,MD,Public,23.0,550,28.0,499,93.0,91,1.0,801,26.0,634,39.0,499,35.0,550,8.0,801,4.0,801,39.0,801,25.0
628,671,kazakh national pedagogical university abai,Kazakhstan,Asia,L,CO,MD,Public,32.0,387,35.0,409,71.0,217,1.0,801,55.0,409,14.0,801,16.0,801,9.0,801,17.0,792,36.0,801,27.0
1001,1001,kazakh-british technical university,Kazakhstan,Asia,M,FO,HI,Public,16.0,701,42.0,321,18.0,801,3.0,801,15.0,801,4.0,801,8.0,801,14.0,801,4.0,801,33.0,801,0.0
450,401,kazan federal university,Russian Federation,Europe,L,FC,VH,Public,27.0,460,20.0,669,98.0,54,4.0,801,14.0,801,98.0,94,98.0,83,87.0,225,20.0,732,55.0,596,34.0
1401,1201,kazan national research technological university,Russian Federation,Europe,L,CO,HI,Public,5.0,701,8.0,701,28.0,682,2.0,801,2.0,801,31.0,581,32.0,585,10.0,801,6.0,801,14.0,801,0.0
801,791,keele university,United Kingdom,Europe,M,FC,VH,Public,9.0,701,8.0,701,21.0,801,29.0,600,61.0,385,51.0,408,42.0,490,66.0,601,10.0,801,39.0,801,0.0
215,188,keio university,Japan,Asia,XL,FC,VH,Private not for Profit,66.0,153,94.0,57,65.0,268,9.0,801,15.0,801,20.0,735,26.0,674,56.0,759,96.0,71,69.0,331,55.0
1001,1001,kent state university,United States of America,Americas,L,FO,VH,Public,7.0,701,5.0,701,9.0,801,20.0,711,25.0,645,16.0,801,12.0,801,63.0,659,11.0,801,41.0,801,0.0
177,202,khalifa university of science and technology,United Arab Emirates,Asia,S,SP,VH,Public,34.0,356,43.0,314,83.0,152,84.0,131,100.0,11,83.0,206,83.0,186,81.0,329,13.0,801,68.0,349,59.0
1201,1201,kharkiv national university of radio electronics,Ukraine,Europe,M,SP,HI,Public,3.0,701,23.0,591,31.0,615,2.0,801,2.0,801,11.0,801,15.0,801,13.0,801,5.0,801,33.0,801,0.0
951,0,khazar university,Azerbaijan,Asia,M,CO,MD,Private not for Profit,8.0,701,15.0,701,61.0,297,3.0,801,82.0,277,37.0,525,36.0,538,8.0,801,12.0,801,28.0,801,0.0
761,801,khoja akhmet yassawi international kazakh-turkish university,Kazakhstan,Asia,M,FC,MD,Public,19.0,646,46.0,287,58.0,316,1.0,801,28.0,612,46.0,442,40.0,503,4.0,801,11.0,801,30.0,801,0.0
901,951,khon kaen university,Thailand,Asia,XL,FC,HI,Public,27.0,472,23.0,585,12.0,801,9.0,801,6.0,801,3.0,801,8.0,801,57.0,733,6.0,801,60.0,504,0.0
1401,1201,khulna university,Bangladesh,Asia,M,CO,HI,,9.0,701,8.0,701,14.0,801,9.0,801,0.0,0,0.0,0,0.0,0,21.0,801,4.0,801,25.0,801,0.0
1401,1201,khulna university of engineering and technology,Bangladesh,Asia,M,SP,HI,Public,7.0,701,17.0,701,11.0,801,13.0,801,1.0,801,0.0,0,0.0,0,13.0,801,5.0,801,22.0,801,0.0
1401,1201,kindai university (previously kinki university),Japan,Asia,XL,FC,HI,Private for Profit,5.0,701,6.0,701,10.0,801,9.0,801,26.0,637,3.0,801,7.0,801,30.0,801,2.0,801,41.0,801,0.0
163,149,king abdul aziz university (kau),Saudi Arabia,Asia,XL,FC,VH,Public,68.0,145,77.0,118,41.0,490,48.0,390,83.0,270,9.0,801,15.0,801,95.0,84,45.0,392,78.0,206,61.0
67,101,king fahd university of petroleum & minerals,Saudi Arabia,Asia,M,FO,VH,Public,54.0,206,76.0,124,92.0,93,93.0,85,100.0,27,76.0,250,77.0,228,81.0,330,98.0,48,63.0,444,77.0
648,761,king faisal university,Saudi Arabia,Asia,L,FC,HI,Public,25.0,506,30.0,476,25.0,743,6.0,801,99.0,121,11.0,801,15.0,801,66.0,609,15.0,801,54.0,617,27.0
535,601,king khalid university,Saudi Arabia,Asia,L,FC,VH,Public,26.0,489,18.0,701,65.0,274,7.0,801,100.0,30,36.0,535,27.0,658,84.0,266,3.0,801,46.0,801,31.0
1201,1201,king mongkut's institute of technology ladkrabang,Thailand,Asia,L,CO,VH,Public,14.0,701,11.0,701,6.0,801,6.0,801,31.0,576,4.0,801,9.0,801,20.0,801,11.0,801,37.0,801,0.0
1201,1201,king mongkut's university of technology north bangkok,Thailand,Asia,L,FO,VH,Public,13.0,701,12.0,701,5.0,801,7.0,801,4.0,801,1.0,801,6.0,801,31.0,801,3.0,801,32.0,801,0.0
901,951,king mongkut's university of technology thonburi,Thailand,Asia,L,CO,VH,Public,21.0,596,15.0,701,18.0,801,18.0,757,12.0,801,7.0,801,12.0,801,45.0,801,3.0,801,62.0,467,0.0
143,200,king saud university,Saudi Arabia,Asia,XL,FC,VH,Public,55.0,204,58.0,201,56.0,336,66.0,244,100.0,89,29.0,600,35.0,549,97.0,41,99.0,23,63.0,439,63.0
31,40,king's college london (kcl),United Kingdom,Europe,XL,FC,VH,Public,96.0,44,92.0,65,74.0,202,70.0,215,100.0,115,99.0,70,99.0,61,98.0,19,76.0,174,97.0,14,88.0
482,465,kobe university,Japan,Asia,L,FC,VH,Public,37.0,324,39.0,353,45.0,434,19.0,725,11.0,801,11.0,801,16.0,801,53.0,791,27.0,608,73.0,269,33.0
323,401,koc university,Türkiye,Asia,M,FC,VH,Private not for Profit,36.0,338,78.0,113,21.0,801,53.0,359,30.0,584,22.0,697,28.0,643,50.0,801,11.0,801,62.0,450,43.0
654,721,konkuk university,Republic of Korea,Asia,L,FC,VH,Private not for Profit,12.0,701,13.0,701,61.0,292,34.0,537,16.0,774,44.0,458,49.0,424,53.0,799,15.0,801,62.0,460,27.0
1001,1201,kookmin university,Republic of Korea,Asia,L,CO,HI,Private for Profit,5.0,701,6.0,701,51.0,371,5.0,801,7.0,801,64.0,316,64.0,311,10.0,801,5.0,801,44.0,801,0.0
61,67,korea university,Republic of Korea,Asia,L,FC,VH,Private not for Profit,89.0,70,95.0,48,77.0,183,68.0,229,25.0,656,64.0,311,68.0,287,68.0,573,94.0,83,86.0,101,80.0
78,74,kth royal institute of technology,Sweden,Europe,L,FO,VH,Public,60.0,174,62.0,183,68.0,242,88.0,109,96.0,171,82.0,215,61.0,331,92.0,147,73.0,197,90.0,66,74.0
60,63,ku leuven,Belgium,Europe,XL,FC,VH,Public,93.0,53,64.0,169,10.0,801,95.0,75,96.0,166,65.0,307,49.0,428,100.0,4,84.0,143,95.0,25,80.0
951,951,kumamoto university,Japan,Asia,M,FC,VH,Public,9.0,701,4.0,701,68.0,249,21.0,692,8.0,801,7.0,801,11.0,801,34.0,801,3.0,801,50.0,696,0.0
781,801,kuwait university,Kuwait,Asia,XL,FC,HI,Public,21.0,594,18.0,701,9.0,801,6.0,801,24.0,662,32.0,567,38.0,519,55.0,769,97.0,56,58.0,539,0.0
1201,1201,kwame nkrumah university of science and technology,Ghana,Africa,XL,CO,HI,,10.0,701,9.0,701,6.0,801,4.0,801,0.0,0,0.0,0,0.0,0,66.0,611,50.0,344,42.0,801,0.0
1201,1201,kyoto institute of technology,Japan,Asia,S,FO,VH,Public,8.0,701,6.0,701,19.0,801,19.0,741,15.0,801,14.0,801,17.0,801,13.0,801,2.0,801,25.0,801,0.0
57,50,kyoto university,Japan,Asia,L,FC,VH,Public,100.0,19,99.0,22,94.0,80,51.0,369,23.0,675,29.0,601,35.0,551,86.0,247,86.0,132,84.0,124,80.0
1201,0,kyrgyz national university,Kyrgyzstan,Asia,L,CO,LO,Public,14.0,701,13.0,701,28.0,671,1.0,801,3.0,801,14.0,801,16.0,801,5.0,801,52.0,327,0.0,0,0.0
1001,851,kyrgyz russian slavic university,Kyrgyzstan,Asia,M,CO,MD,Public,11.0,701,13.0,701,100.0,30,1.0,801,0.0,0,0.0,0,0.0,0,2.0,801,35.0,486,0.0,0,0.0
1201,1201,kyrgyz state technical university named after i. razzakov,Kyrgyzstan,Asia,L,SP,LO,Public,16.0,701,15.0,701,14.0,801,1.0,801,11.0,801,12.0,801,14.0,801,1.0,801,31.0,542,9.0,801,0.0
951,901,kyrgyz-turkish manas university,Kyrgyzstan,Asia,S,CO,HI,Public,19.0,642,23.0,579,15.0,801,3.0,801,95.0,175,28.0,613,27.0,663,8.0,801,8.0,801,33.0,801,0.0
331,328,kyung hee university,Republic of Korea,Asia,L,FC,VH,Private not for Profit,35.0,349,43.0,312,86.0,125,26.0,625,20.0,715,69.0,286,72.0,256,67.0,592,22.0,698,75.0,237,43.0
519,516,kyungpook national university,Republic of Korea,Asia,L,FC,VH,Public,18.0,680,20.0,649,79.0,175,30.0,593,19.0,733,45.0,452,50.0,417,56.0,752,16.0,801,68.0,344,31.0
1001,1001,kyushu institute of technology,Japan,Asia,M,SP,VH,Public,5.0,701,9.0,701,13.0,801,38.0,499,10.0,801,6.0,801,10.0,801,22.0,801,2.0,801,35.0,801,0.0
170,167,kyushu university,Japan,Asia,L,FC,VH,Public,71.0,130,72.0,140,87.0,121,34.0,534,25.0,657,39.0,502,45.0,468,76.0,416,21.0,710,75.0,241,59.0
317,321,l.n. gumilyov eurasian national university,Kazakhstan,Asia,L,FO,VH,Public,40.0,300,86.0,86,95.0,78,2.0,801,85.0,262,26.0,649,27.0,650,31.0,801,8.0,801,47.0,801,44.0
233,217,la trobe university,Australia,Oceania,L,CO,VH,Public,33.0,365,29.0,488,13.0,801,88.0,110,96.0,173,97.0,97,98.0,85,82.0,310,28.0,594,82.0,146,52.0
555,535,lahore university of management sciences (lums),Pakistan,Asia,S,CO,VH,Private not for Profit,21.0,578,77.0,114,29.0,660,17.0,775,11.0,801,3.0,801,7.0,801,26.0,801,48.0,358,45.0,801,30.0
157,141,lancaster university,United Kingdom,Europe,L,FC,VH,Public,51.0,217,46.0,296,36.0,555,78.0,166,96.0,161,93.0,141,94.0,117,87.0,216,38.0,452,89.0,68,61.0
791,721,lanzhou university,China (Mainland),Asia,XL,CO,VH,Public,9.0,701,5.0,701,43.0,460,48.0,393,3.0,801,2.0,801,2.0,801,70.0,540,11.0,801,45.0,801,0.0
397,336,lappeenranta-lahti university of technology lut,Finland,Europe,M,SP,VH,Public,9.0,701,16.0,701,12.0,801,96.0,63,70.0,334,58.0,354,62.0,321,54.0,778,10.0,801,72.0,289,38.0
1201,0,latvia university of life sciences and technologies,Latvia,Europe,S,FO,VH,Public,8.0,701,10.0,701,6.0,801,8.0,801,2.0,801,17.0,790,19.0,776,24.0,801,18.0,768,36.0,801,0.0
469,423,laval university,Canada,Americas,L,FC,VH,Public,25.0,503,11.0,701,33.0,585,30.0,590,57.0,402,55.0,378,59.0,345,79.0,371,50.0,347,82.0,154,34.0
535,701,lebanese american university,Lebanon,Asia,M,FC,HI,Private not for Profit,20.0,610,45.0,301,31.0,612,11.0,801,81.0,293,27.0,638,32.0,593,78.0,380,29.0,564,58.0,539,31.0
515,567,lebanese university,Lebanon,Asia,XL,FC,HI,Public,33.0,372,55.0,219,16.0,801,3.0,801,52.0,427,47.0,428,44.0,474,60.0,695,39.0,445,45.0,801,32.0
1001,1001,leeds beckett university,United Kingdom,Europe,L,CO,HI,Public,5.0,701,10.0,701,5.0,801,14.0,801,47.0,453,45.0,447,50.0,412,37.0,801,11.0,801,62.0,464,0.0
668,641,lehigh university,United States of America,Americas,M,CO,VH,Private not for Profit,7.0,701,12.0,701,31.0,625,37.0,501,69.0,339,40.0,490,45.0,459,45.0,801,45.0,385,62.0,467,26.0
433,426,leibniz universität hannover,Germany,Europe,L,FO,VH,Public,30.0,419,37.0,378,20.0,801,34.0,540,55.0,413,33.0,556,39.0,507,81.0,345,20.0,720,79.0,188,36.0
119,141,leiden university,Netherlands,Europe,XL,FC,VH,Public,80.0,97,46.0,288,30.0,629,65.0,249,90.0,225,68.0,288,51.0,408,94.0,93,61.0,263,59.0,530,66.0
643,661,libera universita' di bolzano,Italy,Europe,S,FO,VH,Public,8.0,701,3.0,701,21.0,801,62.0,267,66.0,355,56.0,370,61.0,338,52.0,801,4.0,801,37.0,801,27.0
407,371,lincoln university,New Zealand,Oceania,S,SP,VH,Public,13.0,701,11.0,701,32.0,597,63.0,264,100.0,55,100.0,53,99.0,58,25.0,801,45.0,389,62.0,458,37.0
310,304,linköping university,Sweden,Europe,L,CO,VH,Public,25.0,501,32.0,446,50.0,382,55.0,328,86.0,255,46.0,437,48.0,430,82.0,320,51.0,336,68.0,346,45.0
851,801,liverpool john moores university,United Kingdom,Europe,L,CO,VH,Public,14.0,701,12.0,701,10.0,801,20.0,707,54.0,420,21.0,707,27.0,648,90.0,178,12.0,801,54.0,624,0.0
1001,1001,lobachevsky state university of nizhni novgorod,Russian Federation,Europe,L,FO,VH,Public,10.0,701,8.0,701,51.0,372,4.0,801,3.0,801,37.0,526,43.0,487,18.0,801,4.0,801,38.0,801,0.0
951,901,lodz university,Poland,Europe,L,CO,VH,Public,15.0,701,7.0,701,48.0,406,7.0,801,6.0,801,19.0,743,25.0,684,76.0,427,21.0,705,30.0,801,0.0
1001,1001,lodz university of technology,Poland,Europe,M,SP,VH,Public,6.0,701,7.0,701,59.0,306,16.0,784,4.0,801,8.0,801,12.0,801,49.0,801,4.0,801,40.0,801,0.0
105,94,lomonosov moscow state university,Russian Federation,Europe,L,FC,VH,Public,84.0,83,88.0,80,100.0,26,7.0,801,26.0,641,96.0,112,96.0,97,87.0,214,98.0,37,49.0,734,68.0
1001,1001,london metropolitan university,United Kingdom,Europe,L,CO,MD,Public,6.0,701,7.0,701,5.0,801,7.0,801,69.0,340,98.0,95,98.0,84,22.0,801,21.0,713,21.0,801,0.0
56,50,london school of economics and political science (lse),United Kingdom,Europe,L,FO,VH,Public,81.0,96,99.0,20,47.0,417,64.0,256,100.0,41,100.0,14,100.0,9,76.0,417,100.0,14,93.0,39,81.0
901,801,london south bank university,United Kingdom,Europe,L,FO,VH,Public,5.0,701,6.0,701,14.0,801,9.0,801,94.0,192,98.0,87,98.0,75,48.0,801,15.0,801,51.0,688,0.0
225,224,loughborough university,United Kingdom,Europe,L,CO,VH,Public,43.0,277,65.0,165,27.0,699,51.0,371,95.0,183,71.0,269,74.0,242,81.0,324,33.0,509,88.0,80,53.0
851,901,louisiana state university,United States of America,Americas,XL,CO,VH,Public,14.0,701,13.0,701,10.0,801,24.0,659,22.0,682,7.0,801,13.0,801,63.0,644,37.0,471,75.0,228,0.0
901,0,lovely professional university (lpu),India,Asia,XL,CO,VH,Private not for Profit,20.0,615,27.0,504,17.0,801,11.0,801,14.0,801,7.0,801,12.0,801,74.0,477,2.0,801,49.0,719,0.0
1001,1001,loyola university chicago,United States of America,Americas,L,FC,HI,Private not for Profit,12.0,701,21.0,621,31.0,624,13.0,801,9.0,801,5.0,801,4.0,801,36.0,801,24.0,656,34.0,801,0.0
1401,1201,lublin university of technology,Poland,Europe,M,FO,VH,Public,7.0,701,3.0,701,28.0,680,9.0,801,3.0,801,30.0,595,28.0,645,14.0,801,4.0,801,18.0,801,0.0
58,59,ludwig-maximilians-universität münchen,Germany,Europe,XL,FC,VH,Public,97.0,41,96.0,47,41.0,493,62.0,271,80.0,296,53.0,387,58.0,354,96.0,72,77.0,172,87.0,89,80.0
72,75,lund university,Sweden,Europe,L,FC,VH,Public,80.0,99,64.0,167,68.0,246,57.0,312,99.0,134,82.0,213,84.0,181,97.0,35,96.0,65,99.0,3,76.0
1401,0,m. kozybayev north kazakhstan university,Kazakhstan,Asia,M,CO,MD,Public,7.0,701,13.0,701,33.0,582,1.0,801,5.0,801,8.0,801,11.0,801,4.0,801,4.0,801,24.0,801,0.0
239,230,maastricht university,Netherlands,Europe,L,FO,VH,Public,33.0,373,34.0,425,19.0,801,72.0,203,100.0,103,100.0,21,100.0,14,86.0,243,50.0,350,80.0,166,51.0
901,0,macao polytechnic university,"Macao SAR, China",Asia,M,FO,HI,,6.0,701,10.0,701,34.0,571,3.0,801,100.0,40,96.0,106,82.0,194,6.0,801,38.0,454,23.0,801,0.0
440,464,macau university of science and technology,"Macao SAR, China",Asia,L,CO,VH,Private not for Profit,7.0,701,11.0,701,5.0,801,80.0,161,100.0,18,100.0,1,88.0,157,24.0,801,37.0,472,52.0,663,35.0
138,133,macquarie university,Australia,Oceania,L,FC,VH,Public,48.0,242,57.0,206,14.0,801,86.0,119,100.0,86,97.0,98,98.0,86,91.0,156,62.0,252,91.0,59,63.0
1401,0,mahasarakham university,Thailand,Asia,XL,FC,MD,Public,19.0,662,3.0,701,3.0,801,3.0,801,9.0,801,4.0,801,8.0,801,11.0,801,10.0,801,24.0,801,0.0
358,368,mahidol university,Thailand,Asia,L,FC,VH,Public,59.0,177,39.0,358,82.0,155,9.0,801,9.0,801,9.0,801,14.0,801,68.0,569,17.0,774,61.0,474,41.0
1001,901,makerere university,Uganda,Africa,XL,FC,HI,Public,13.0,701,5.0,701,6.0,801,7.0,801,8.0,801,14.0,801,10.0,801,65.0,617,98.0,38,42.0,801,0.0
597,580,management and science university - msu malaysia,Malaysia,Asia,S,FO,VH,Private for Profit,25.0,509,21.0,629,55.0,340,3.0,801,100.0,107,100.0,23,100.0,40,11.0,801,5.0,801,37.0,801,28.0
1401,0,manav rachna international institute of research and studies (mriirs),India,Asia,M,CO,HI,Private for Profit,6.0,701,3.0,701,44.0,453,4.0,801,7.0,801,3.0,801,8.0,801,3.0,801,2.0,801,24.0,801,0.0
643,601,manchester metropolitan university,United Kingdom,Europe,XL,CO,VH,Public,19.0,654,16.0,701,11.0,801,17.0,766,63.0,369,61.0,331,65.0,302,89.0,189,19.0,741,78.0,195,27.0
851,901,manipal academy of higher education - manipal university (mahe),India,Asia,L,FC,VH,Private not for Profit,15.0,701,12.0,701,50.0,379,10.0,801,3.0,801,17.0,775,21.0,752,74.0,476,14.0,801,65.0,398,0.0
1001,951,mansoura university,Egypt,Africa,XL,FC,VH,Public,19.0,653,16.0,701,5.0,801,5.0,801,10.0,801,21.0,706,25.0,695,82.0,315,13.0,801,56.0,591,0.0
1401,0,mapua university,Philippines,Asia,M,FO,VH,Private for Profit,10.0,701,16.0,701,4.0,801,9.0,801,3.0,801,2.0,801,2.0,801,6.0,801,4.0,801,37.0,801,0.0
1001,1001,marmara university,Türkiye,Asia,XL,FO,VH,Public,12.0,701,23.0,577,5.0,801,5.0,801,6.0,801,7.0,801,12.0,801,53.0,801,38.0,453,43.0,801,0.0
1201,1201,marquette university,United States of America,Americas,M,CO,VH,Private not for Profit,4.0,701,3.0,701,29.0,669,15.0,801,9.0,801,5.0,801,10.0,801,32.0,801,27.0,605,30.0,801,0.0
751,671,martin-luther-universität halle-wittenberg,Germany,Europe,L,FC,VH,Public,15.0,701,10.0,701,89.0,106,11.0,801,0.0,0,17.0,781,13.0,801,87.0,230,6.0,801,47.0,785,0.0
430,408,masaryk university,Czechia,Europe,XL,CO,VH,Public,32.0,383,37.0,377,13.0,801,19.0,738,35.0,541,77.0,245,79.0,217,80.0,355,59.0,278,77.0,214,36.0
1,1,massachusetts institute of technology (mit),United States of America,Americas,M,CO,VH,Private not for Profit,100.0,4,100.0,2,100.0,16,100.0,7,100.0,63,92.0,153,92.0,130,94.0,98,100.0,7,94.0,33,100.0
230,239,massey university,New Zealand,Oceania,M,CO,VH,Public,42.0,284,24.0,558,57.0,319,51.0,373,99.0,120,99.0,71,99.0,62,82.0,308,61.0,265,84.0,129,53.0
1001,1001,mate hungarian university of agriculture and life sciences,Hungary,Europe,M,FO,VH,Private not for Profit,7.0,701,8.0,701,34.0,577,7.0,801,4.0,801,43.0,467,48.0,431,59.0,707,5.0,801,55.0,593,0.0
27,29,mcgill university,Canada,Americas,L,FC,VH,Public,98.0,35,94.0,58,67.0,250,72.0,194,89.0,232,94.0,138,70.0,272,93.0,130,99.0,27,96.0,15,89.0
173,176,mcmaster university,Canada,Americas,L,FC,VH,Public,53.0,211,44.0,307,62.0,289,57.0,311,95.0,184,66.0,302,70.0,273,84.0,270,60.0,271,87.0,93,59.0
1201,1201,meiji university,Japan,Asia,XL,FO,HI,Private for Profit,9.0,701,25.0,545,6.0,801,3.0,801,15.0,801,9.0,801,13.0,801,13.0,801,29.0,559,29.0,801,0.0
660,661,memorial university of newfoundland,Canada,Americas,L,FC,VH,Public,11.0,701,11.0,701,16.0,801,44.0,431,31.0,581,79.0,230,81.0,200,74.0,479,17.0,773,53.0,636,27.0
851,851,mendel university in brno,Czechia,Europe,M,FO,VH,Public,10.0,701,8.0,701,69.0,239,8.0,801,14.0,801,39.0,507,42.0,495,74.0,461,5.0,801,49.0,719,0.0
1401,1201,mendeleev university of chemical technology of russia,Russian Federation,Europe,M,FO,VH,Public,5.0,701,7.0,701,26.0,715,6.0,801,1.0,801,16.0,801,19.0,775,16.0,801,14.0,801,10.0,801,0.0
650,567,mgimo university,Russian Federation,Europe,M,CO,HI,Public,11.0,701,39.0,359,100.0,18,2.0,801,15.0,799,57.0,361,61.0,329,7.0,801,70.0,212,22.0,801,27.0
1201,1201,miami university,United States of America,Americas,L,CO,HI,Public,3.0,701,12.0,701,9.0,801,14.0,801,7.0,801,11.0,801,9.0,801,44.0,801,43.0,412,38.0,801,0.0
161,152,michigan state university,United States of America,Americas,XL,FC,VH,Public,67.0,146,63.0,174,14.0,801,61.0,280,67.0,348,21.0,708,27.0,649,98.0,27,76.0,180,94.0,28,61.0
901,901,michigan technological university,United States of America,Americas,M,CO,VH,Public,6.0,701,10.0,701,32.0,599,38.0,490,18.0,740,20.0,728,15.0,801,55.0,766,5.0,801,38.0,801,0.0
269,285,middle east technical university,Türkiye,Asia,L,CO,VH,Public,45.0,265,89.0,77,13.0,801,34.0,528,18.0,743,31.0,579,37.0,528,79.0,365,82.0,148,72.0,294,49.0
1001,0,middle east university jordan,Jordan,Asia,S,FO,VH,Private not for Profit,9.0,701,7.0,701,12.0,801,13.0,801,11.0,801,91.0,158,81.0,196,48.0,801,6.0,801,8.0,801,0.0
801,721,middlesex university,United Kingdom,Europe,L,CO,HI,Public,8.0,701,9.0,701,11.0,801,14.0,801,89.0,233,100.0,49,100.0,39,57.0,744,25.0,647,40.0,801,0.0
1001,1001,mississippi state university,United States of America,Americas,L,CO,VH,Public,7.0,701,9.0,701,9.0,801,34.0,542,20.0,720,6.0,801,4.0,801,70.0,527,13.0,801,39.0,801,0.0
628,527,missouri university of science and technology,United States of America,Americas,M,CO,VH,Public,5.0,701,11.0,701,9.0,801,88.0,112,27.0,627,33.0,563,35.0,547,42.0,801,9.0,801,34.0,801,27.0
36,37,monash university,Australia,Oceania,XL,FC,VH,Public,96.0,45,88.0,81,11.0,801,93.0,88,100.0,61,100.0,24,100.0,15,95.0,87,87.0,128,92.0,49,86.0
477,456,moscow institute of physics and technology state university,Russian Federation,Europe,M,FO,VH,Public,20.0,606,34.0,421,95.0,71,18.0,748,39.0,512,55.0,380,56.0,368,47.0,801,38.0,458,22.0,801,33.0
851,1001,multimedia university (mmu),Malaysia,Asia,M,FO,VH,Private for Profit,19.0,651,27.0,508,17.0,801,9.0,801,54.0,422,57.0,365,61.0,334,27.0,801,5.0,801,39.0,801,0.0
423,436,murdoch university,Australia,Oceania,M,CO,VH,Public,13.0,701,9.0,701,7.0,801,74.0,184,90.0,226,83.0,209,61.0,328,75.0,442,25.0,642,53.0,632,36.0
1001,1001,mustansiriyah university,Iraq,Asia,XL,FC,HI,Public,8.0,701,24.0,572,65.0,269,2.0,801,44.0,474,6.0,801,5.0,801,19.0,801,10.0,801,27.0,801,0.0
1001,1001,mutah university,Jordan,Asia,L,FC,MD,Public,16.0,701,22.0,608,12.0,801,3.0,801,16.0,788,33.0,560,32.0,587,28.0,801,10.0,801,33.0,801,0.0
1001,1001,mykolas romeris university,Lithuania,Europe,S,FO,VH,Public,6.0,701,13.0,701,23.0,778,7.0,801,12.0,801,52.0,398,55.0,374,24.0,801,53.0,320,50.0,696,0.0
901,851,nagasaki university,Japan,Asia,M,FC,VH,Public,9.0,701,4.0,701,84.0,143,12.0,801,9.0,801,11.0,801,15.0,801,48.0,801,3.0,801,60.0,509,0.0
1201,1201,nagoya institute of technology (nit),Japan,Asia,M,FO,VH,Public,10.0,701,4.0,701,12.0,801,29.0,599,7.0,801,8.0,801,6.0,801,20.0,801,9.0,801,18.0,801,0.0
164,152,nagoya university,Japan,Asia,L,FC,VH,Public,74.0,116,72.0,141,84.0,144,38.0,491,23.0,681,28.0,619,34.0,568,66.0,610,39.0,443,74.0,255,60.0
951,711,nanjing agricultural university,China (Mainland),Asia,L,CO,VH,Public,6.0,701,2.0,701,18.0,801,53.0,352,0.0,0,2.0,801,2.0,801,55.0,772,1.0,801,39.0,801,0.0
951,1001,nanjing normal university,China (Mainland),Asia,XL,SP,VH,Public,6.0,701,5.0,701,21.0,801,43.0,443,0.0,0,8.0,801,6.0,801,57.0,730,8.0,801,40.0,801,0.0
103,145,nanjing university,China (Mainland),Asia,XL,FC,VH,Public,72.0,128,61.0,188,37.0,541,99.0,39,83.0,273,16.0,799,12.0,801,70.0,541,40.0,440,60.0,513,68.0
680,761,nanjing university of aeronautics and astronautics,China (Mainland),Asia,L,FO,VH,Public,6.0,701,11.0,701,26.0,707,80.0,158,7.0,801,9.0,801,7.0,801,46.0,801,1.0,801,37.0,801,26.0
701,565,nanjing university of science and technology,China (Mainland),Asia,L,FO,VH,Public,7.0,701,9.0,701,15.0,801,86.0,117,0.0,0,0.0,0,0.0,0,38.0,801,6.0,801,39.0,801,0.0
355,377,nankai university,China (Mainland),Asia,XL,FC,VH,Public,27.0,464,24.0,552,29.0,659,94.0,81,18.0,749,5.0,801,4.0,801,56.0,748,47.0,370,45.0,801,41.0
851,851,nantes university,France,Europe,XL,CO,VH,Public,15.0,701,6.0,701,12.0,801,31.0,582,20.0,709,25.0,665,31.0,603,88.0,201,5.0,801,48.0,749,0.0
1401,1401,naresuan university,Thailand,Asia,L,FC,MD,Public,11.0,701,5.0,701,9.0,801,3.0,801,7.0,801,2.0,801,6.0,801,13.0,801,3.0,801,40.0,801,0.0
1001,1001,narxoz university,Kazakhstan,Asia,M,FO,MD,Private not for Profit,16.0,701,15.0,701,26.0,717,2.0,801,31.0,578,21.0,716,22.0,730,1.0,801,70.0,214,36.0,801,0.0
390,393,national and kapodistrian university of athens,Greece,Europe,XL,FC,VH,Public,35.0,344,39.0,354,3.0,801,45.0,412,13.0,801,27.0,624,33.0,581,80.0,358,89.0,115,64.0,415,38.0
587,641,national central university,Taiwan,Asia,M,CO,VH,Public,29.0,428,39.0,360,26.0,706,26.0,628,19.0,735,18.0,755,20.0,755,34.0,801,19.0,747,61.0,496,29.0
203,215,national cheng kung university (ncku),Taiwan,Asia,L,FC,VH,Public,66.0,150,79.0,106,34.0,578,40.0,471,29.0,600,24.0,670,31.0,610,58.0,718,56.0,297,80.0,175,55.0
604,601,national chengchi university,Taiwan,Asia,L,CO,HI,Public,28.0,444,47.0,279,21.0,801,3.0,801,38.0,516,36.0,532,41.0,497,13.0,801,93.0,84,41.0,801,28.0
1201,0,national chin-yi university of technology,Taiwan,Asia,M,FO,VH,Public,13.0,701,16.0,701,9.0,801,13.0,801,3.0,801,21.0,718,21.0,745,16.0,801,2.0,801,40.0,801,0.0
951,1001,national chung cheng university,Taiwan,Asia,M,CO,VH,Public,19.0,650,35.0,412,17.0,801,10.0,801,8.0,801,6.0,801,11.0,801,29.0,801,5.0,801,52.0,669,0.0
628,661,national chung hsing university,Taiwan,Asia,L,CO,VH,Public,29.0,436,31.0,463,29.0,642,23.0,677,12.0,801,14.0,801,19.0,781,35.0,801,42.0,416,56.0,573,27.0
1201,1201,national dong hwa university,Taiwan,Asia,M,CO,HI,Public,16.0,701,7.0,701,9.0,801,9.0,801,14.0,801,19.0,750,22.0,729,11.0,801,2.0,801,47.0,793,0.0
731,701,national institute of technology tiruchirappalli,India,Asia,M,FO,VH,Public,4.0,701,5.0,701,11.0,801,90.0,105,0.0,0,4.0,801,8.0,801,38.0,801,9.0,801,37.0,801,0.0
591,497,national research nuclear university mephi (moscow engineering physics institute),Russian Federation,Europe,M,FO,VH,Public,10.0,701,21.0,627,99.0,40,11.0,801,61.0,387,93.0,142,94.0,118,30.0,801,18.0,769,23.0,801,29.0
1001,901,national research saratov state university,Russian Federation,Europe,M,FO,VH,Public,5.0,701,5.0,701,98.0,60,2.0,801,4.0,801,27.0,632,20.0,761,14.0,801,2.0,801,10.0,801,0.0
1201,1201,national research university moscow power engineering institute (mpei),Russian Federation,Europe,M,FO,VH,Public,7.0,701,8.0,701,22.0,797,3.0,801,6.0,801,55.0,379,55.0,373,16.0,801,17.0,778,17.0,801,0.0
439,485,national sun yat-sen university,Taiwan,Asia,M,CO,VH,Public,37.0,326,32.0,447,36.0,558,38.0,492,36.0,534,17.0,788,22.0,728,46.0,801,15.0,801,67.0,362,35.0
1401,1201,national taipei university,Taiwan,Asia,M,FO,HI,Public,12.0,701,8.0,701,12.0,801,4.0,801,6.0,801,10.0,801,15.0,801,4.0,801,27.0,614,27.0,801,0.0
420,425,national taipei university of technology,Taiwan,Asia,M,FO,VH,Public,18.0,672,58.0,202,29.0,667,59.0,294,26.0,639,32.0,573,35.0,552,26.0,801,29.0,565,59.0,521,36.0
435,452,national taiwan normal university,Taiwan,Asia,M,CO,VH,Public,48.0,240,28.0,493,68.0,243,10.0,801,20.0,717,40.0,495,43.0,486,24.0,801,29.0,573,68.0,346,35.0
1201,1201,national taiwan ocean university,Taiwan,Asia,M,FO,VH,Public,8.0,701,6.0,701,16.0,801,19.0,745,10.0,801,14.0,801,17.0,801,19.0,801,4.0,801,56.0,582,0.0
63,68,national taiwan university (ntu),Taiwan,Asia,L,FC,VH,Public,98.0,38,94.0,54,39.0,522,71.0,209,25.0,647,59.0,346,63.0,313,67.0,587,100.0,11,88.0,74,79.0
345,392,national taiwan university of science and technology (taiwan tech),Taiwan,Asia,M,FO,VH,Public,37.0,330,49.0,266,51.0,374,47.0,405,31.0,571,35.0,538,39.0,508,46.0,801,25.0,632,57.0,560,42.0
355,321,national technical university of athens,Greece,Europe,L,FO,VH,Public,28.0,448,51.0,244,6.0,801,81.0,153,0.0,0,10.0,801,15.0,801,72.0,499,51.0,331,49.0,725,41.0
176,210,national tsing hua university,Taiwan,Asia,M,CO,VH,Public,67.0,148,77.0,116,34.0,574,74.0,187,27.0,630,37.0,522,40.0,501,42.0,801,25.0,633,58.0,546,59.0
1001,1001,national university lviv polytechnic,Ukraine,Europe,L,CO,VH,Public,10.0,701,26.0,518,39.0,525,3.0,801,4.0,801,2.0,801,6.0,801,20.0,801,18.0,761,51.0,688,0.0
1201,1001,national university of kyiv-mohyla academy (naukma),Ukraine,Europe,S,FO,VH,Public,6.0,701,27.0,512,57.0,322,2.0,801,3.0,801,1.0,801,6.0,801,6.0,801,30.0,550,17.0,801,0.0
721,711,national university of science and technology misis,Russian Federation,Europe,M,FO,VH,Public,7.0,701,16.0,701,77.0,186,21.0,698,11.0,801,67.0,294,70.0,268,44.0,801,25.0,638,38.0,801,0.0
371,353,national university of sciences and technology (nust) islamabad,Pakistan,Asia,L,FC,VH,Public,29.0,421,76.0,121,67.0,259,32.0,559,6.0,801,5.0,801,9.0,801,77.0,411,3.0,801,63.0,435,40.0
8,8,national university of singapore (nus),Singapore,Asia,XL,FC,VH,Public,100.0,14,98.0,32,72.0,216,96.0,64,100.0,37,97.0,101,72.0,253,92.0,140,100.0,9,90.0,63,96.0
721,781,national university of uzbekistan,Uzbekistan,Asia,L,CO,HI,Public,30.0,412,39.0,355,8.0,801,2.0,801,93.0,200,7.0,801,10.0,801,21.0,801,30.0,545,44.0,801,0.0
199,219,national yang ming chiao tung university,Taiwan,Asia,L,FC,VH,Public,42.0,285,69.0,153,55.0,339,72.0,202,29.0,593,32.0,569,38.0,520,54.0,782,76.0,179,74.0,255,56.0
761,791,new jersey institute of technology (njit),United States of America,Americas,M,FO,VH,Public,8.0,701,20.0,666,13.0,801,41.0,462,36.0,529,65.0,306,69.0,281,38.0,801,10.0,801,54.0,619,0.0
1201,0,new mexico state university,United States of America,Americas,L,CO,VH,,7.0,701,7.0,701,13.0,801,21.0,695,10.0,801,10.0,801,8.0,801,39.0,801,11.0,801,43.0,801,0.0
55,43,new york university (nyu),United States of America,Americas,XL,FC,VH,Private not for Profit,99.0,32,100.0,12,89.0,109,32.0,568,33.0,553,100.0,52,100.0,42,94.0,115,100.0,19,91.0,52,81.0
137,129,newcastle university,United Kingdom,Europe,L,FC,VH,Public,63.0,162,69.0,152,50.0,388,49.0,379,93.0,205,81.0,220,83.0,185,96.0,65,41.0,433,91.0,56,64.0
1001,901,nicolaus copernicus university,Poland,Europe,L,FC,HI,Public,10.0,701,5.0,701,66.0,262,9.0,801,5.0,801,11.0,801,16.0,801,81.0,325,4.0,801,30.0,801,0.0
1001,951,niigata university,Japan,Asia,L,FC,HI,Public,7.0,701,5.0,701,89.0,110,7.0,801,7.0,801,6.0,801,11.0,801,23.0,801,7.0,801,43.0,801,0.0
1401,0,nile university,Egypt,Africa,S,SP,HI,Private not for Profit,9.0,701,5.0,701,29.0,646,7.0,801,6.0,801,3.0,801,7.0,801,10.0,801,3.0,801,20.0,801,0.0
272,311,north carolina state university,United States of America,Americas,XL,CO,VH,Public,36.0,333,48.0,271,12.0,801,73.0,190,68.0,347,26.0,651,32.0,594,80.0,356,38.0,464,87.0,91,48.0
951,901,north south university,Bangladesh,Asia,L,FO,HI,Private not for Profit,17.0,701,54.0,226,8.0,801,7.0,801,11.0,801,2.0,801,6.0,801,30.0,801,12.0,801,37.0,801,0.0
951,851,north-west university,South Africa,Africa,XL,CO,VH,Public,8.0,701,15.0,701,7.0,801,25.0,641,9.0,801,3.0,801,8.0,801,95.0,89,25.0,643,60.0,499,0.0
384,396,northeastern university,United States of America,Americas,XL,CO,VH,Private not for Profit,28.0,450,31.0,457,23.0,769,34.0,541,63.0,368,96.0,116,96.0,99,66.0,602,54.0,309,80.0,166,39.0
1001,1001,northern arizona university,United States of America,Americas,L,CO,VH,Public,10.0,701,16.0,701,7.0,801,23.0,667,4.0,801,4.0,801,3.0,801,48.0,801,8.0,801,45.0,801,0.0
1001,951,northern borders university,Saudi Arabia,Asia,M,FC,HI,Public,13.0,701,6.0,701,29.0,657,5.0,801,100.0,42,16.0,797,12.0,801,18.0,801,3.0,801,16.0,801,0.0
550,535,northumbria university at newcastle,United Kingdom,Europe,L,CO,VH,Public,17.0,701,19.0,681,18.0,801,31.0,580,65.0,360,64.0,313,67.0,289,82.0,321,20.0,725,78.0,201,30.0
801,851,northwest agriculture and forestry university,China (Mainland),Asia,XL,CO,VH,Public,5.0,701,3.0,701,35.0,565,62.0,278,0.0,0,2.0,801,2.0,801,71.0,516,5.0,801,39.0,801,0.0
1001,1001,northwest university (china),China (Mainland),Asia,L,CO,VH,Public,6.0,701,3.0,701,56.0,338,32.0,566,5.0,801,5.0,801,9.0,801,38.0,801,5.0,801,33.0,801,0.0
499,547,northwestern polytechnical university,China (Mainland),Asia,XL,CO,VH,Public,10.0,701,10.0,701,52.0,356,83.0,139,26.0,640,10.0,801,8.0,801,58.0,724,12.0,801,39.0,801,32.0
42,50,northwestern university,United States of America,Americas,L,FC,VH,Private not for Profit,92.0,59,89.0,74,99.0,44,71.0,205,58.0,399,67.0,295,50.0,414,87.0,229,100.0,20,74.0,250,85.0
791,691,norwegian university of life sciences (umb),Norway,Europe,M,FO,VH,,8.0,701,8.0,701,100.0,15,13.0,801,0.0,0,0.0,0,0.0,0,78.0,390,26.0,630,51.0,688,0.0
267,264,norwegian university of science and technology,Norway,Europe,XL,FC,VH,Public,46.0,255,33.0,430,31.0,620,45.0,413,87.0,240,18.0,769,24.0,709,95.0,77,91.0,101,80.0,165,49.0
1001,0,notre dame university-louaize (ndu),Lebanon,Asia,S,CO,HI,Private not for Profit,7.0,701,20.0,662,25.0,732,4.0,801,88.0,236,27.0,628,31.0,609,7.0,801,4.0,801,18.0,801,0.0
609,592,nottingham trent university,United Kingdom,Europe,XL,CO,VH,Public,16.0,701,23.0,580,16.0,801,11.0,801,67.0,349,90.0,165,91.0,140,85.0,258,20.0,717,78.0,206,28.0
1201,1201,novosibirsk state technical university,Russian Federation,Europe,L,FO,VH,Public,6.0,701,11.0,701,28.0,686,3.0,801,2.0,801,57.0,366,55.0,372,12.0,801,7.0,801,15.0,801,0.0
461,442,novosibirsk state university,Russian Federation,Europe,M,FO,VH,Public,29.0,432,31.0,460,94.0,87,13.0,801,9.0,801,71.0,272,70.0,274,56.0,758,13.0,801,44.0,801,34.0
851,1001,o. p. jindal global university (jgu),India,Asia,M,SP,VH,Private not for Profit,16.0,701,30.0,481,67.0,257,3.0,801,34.0,543,2.0,801,7.0,801,23.0,801,4.0,801,47.0,799,0.0
1001,1201,obuda university,Hungary,Europe,M,FO,VH,Public,8.0,701,9.0,701,4.0,801,20.0,721,35.0,538,13.0,801,19.0,774,45.0,801,5.0,801,42.0,801,0.0
801,801,ocean university of china,China (Mainland),Asia,XL,FC,VH,Public,6.0,701,6.0,701,10.0,801,72.0,198,4.0,801,3.0,801,2.0,801,50.0,801,4.0,801,42.0,801,0.0
1201,1201,odessa i.i.mechnikov national university,Ukraine,Europe,M,FO,HI,Public,4.0,701,6.0,701,71.0,224,2.0,801,2.0,801,6.0,801,10.0,801,13.0,801,17.0,790,16.0,801,0.0
190,208,ohio state university,United States of America,Americas,XL,FC,VH,Public,71.0,131,63.0,173,53.0,353,34.0,539,37.0,519,21.0,721,27.0,661,94.0,106,66.0,236,69.0,326,57.0
1001,1001,ohio university,United States of America,Americas,L,FC,HI,Public,11.0,701,13.0,701,8.0,801,14.0,801,4.0,801,6.0,801,12.0,801,52.0,801,28.0,598,38.0,801,0.0
951,851,okayama university,Japan,Asia,L,FC,VH,Public,12.0,701,5.0,701,68.0,248,15.0,801,8.0,801,12.0,801,17.0,801,42.0,801,3.0,801,58.0,539,0.0
851,851,oklahoma state university,United States of America,Americas,L,FC,HI,Public,11.0,701,13.0,701,12.0,801,21.0,694,65.0,358,12.0,801,18.0,799,71.0,509,31.0,543,51.0,695,0.0
624,641,oregon state university,United States of America,Americas,L,CO,VH,Public,20.0,626,12.0,701,20.0,801,44.0,423,17.0,761,12.0,801,9.0,801,80.0,350,29.0,579,64.0,420,28.0
901,901,osaka metropolitan university,Japan,Asia,L,FC,VH,,18.0,676,14.0,701,57.0,321,12.0,801,6.0,801,5.0,801,9.0,801,34.0,801,9.0,801,48.0,765,0.0
374,416,oxford brookes university,United Kingdom,Europe,L,CO,HI,Public,39.0,309,62.0,178,15.0,801,12.0,801,81.0,291,90.0,168,91.0,143,62.0,666,26.0,624,60.0,506,40.0
1201,0,ozyegin university,Türkiye,Asia,M,FO,VH,Private not for Profit,7.0,701,16.0,701,10.0,801,10.0,801,15.0,801,34.0,552,39.0,510,18.0,801,3.0,801,45.0,801,0.0
721,691,pakistan institute of engineering and applied sciences (pieas),Pakistan,Asia,S,SP,HI,Public,7.0,701,15.0,701,63.0,281,66.0,241,0.0,0,0.0,0,0.0,0,19.0,801,4.0,801,10.0,801,0.0
668,651,palacký university in olomouc,Czechia,Europe,L,FO,VH,Public,22.0,576,20.0,665,37.0,550,15.0,801,40.0,499,29.0,606,35.0,555,86.0,239,9.0,801,68.0,358,26.0
1201,0,palestine technical university - kadoorie,Palestine,Asia,S,CO,HI,Public,9.0,701,9.0,701,30.0,637,4.0,801,67.0,351,16.0,791,18.0,801,18.0,801,12.0,801,6.0,801,0.0
901,1001,panjab university,India,Asia,L,CO,VH,Public,9.0,701,12.0,701,10.0,801,44.0,433,0.0,0,3.0,801,8.0,801,33.0,801,40.0,441,51.0,684,0.0
650,601,paris lodron university of salzburg,Austria,Europe,M,CO,VH,Public,13.0,701,5.0,701,39.0,524,12.0,801,98.0,137,98.0,86,98.0,74,59.0,705,24.0,661,62.0,454,27.0
1401,1201,pavlodar state university named after toraighyrov,Kazakhstan,Asia,M,CO,MD,Public,9.0,701,12.0,701,29.0,654,1.0,801,3.0,801,6.0,801,5.0,801,3.0,801,4.0,801,22.0,801,0.0
1001,851,pavol josef safarik university,Slovakia,Europe,M,FC,HI,Public,6.0,701,6.0,701,69.0,238,6.0,801,7.0,801,79.0,232,75.0,236,42.0,801,6.0,801,22.0,801,0.0
14,14,peking university,China (Mainland),Asia,XL,FC,VH,Public,100.0,12,100.0,17,96.0,66,99.0,35,60.0,391,37.0,523,28.0,640,83.0,290,97.0,58,71.0,308,93.0
82,89,pennsylvania state university,United States of America,Americas,XL,FC,VH,Public,86.0,77,86.0,89,29.0,647,67.0,235,37.0,518,38.0,514,44.0,476,97.0,31,79.0,165,95.0,19,73.0
1401,1201,perm state university,Russian Federation,Europe,M,CO,VH,Public,4.0,701,3.0,701,35.0,559,2.0,801,2.0,801,20.0,725,22.0,727,6.0,801,4.0,801,30.0,801,0.0
801,801,perugia university,Italy,Europe,L,FC,VH,Public,12.0,701,5.0,701,5.0,801,53.0,355,9.0,801,10.0,801,14.0,801,72.0,507,5.0,801,49.0,725,0.0
609,559,peter the great st.petersburg polytechnic university,Russian Federation,Europe,L,CO,VH,Public,18.0,679,18.0,701,80.0,169,5.0,801,19.0,730,90.0,167,91.0,142,70.0,522,11.0,801,52.0,669,28.0
1401,1401,petra christian university,Indonesia,Asia,M,FO,HI,Private for Profit,12.0,701,9.0,701,13.0,801,3.0,801,8.0,801,1.0,801,6.0,801,7.0,801,3.0,801,29.0,801,0.0
771,801,philipps-universität marburg,Germany,Europe,L,FC,VH,Public,16.0,701,15.0,701,7.0,801,40.0,475,19.0,727,32.0,568,24.0,705,66.0,612,9.0,801,48.0,770,0.0
741,711,plekhanov russian university of economics,Russian Federation,Europe,L,FO,VH,Public,16.0,701,30.0,474,58.0,314,3.0,801,4.0,801,27.0,636,32.0,595,61.0,674,55.0,300,42.0,801,0.0
102,98,pohang university of science and technology (postech),Republic of Korea,Asia,S,FO,VH,Private not for Profit,61.0,166,83.0,94,100.0,27,98.0,45,32.0,568,4.0,801,8.0,801,30.0,801,16.0,801,64.0,415,68.0
801,580,politecnico di bari,Italy,Europe,M,SP,VH,Public,10.0,701,9.0,701,13.0,801,65.0,251,6.0,801,13.0,801,10.0,801,48.0,801,4.0,801,27.0,801,0.0
98,111,politecnico di milano,Italy,Europe,XL,CO,VH,Public,83.0,84,90.0,72,9.0,801,54.0,343,74.0,317,69.0,281,72.0,252,87.0,215,72.0,199,73.0,275,69.0
242,241,politecnico di torino,Italy,Europe,XL,FO,VH,Public,50.0,223,65.0,164,5.0,801,68.0,230,7.0,801,58.0,356,62.0,324,79.0,366,38.0,462,74.0,265,51.0
1201,1201,pondicherry university,India,Asia,M,CO,VH,Public,5.0,701,3.0,701,7.0,801,33.0,545,2.0,801,2.0,801,6.0,801,35.0,801,3.0,801,47.0,785,0.0
1001,951,pontificia universidad catolica del ecuador,Ecuador,Americas,L,FO,HI,Private not for Profit,24.0,524,19.0,682,14.0,801,2.0,801,18.0,745,3.0,801,2.0,801,35.0,801,46.0,377,23.0,801,0.0
1401,1201,pontificia universidad catolica madre y maestra (pucmm),Dominican Republic,Americas,L,FC,LO,Private not for Profit,6.0,701,8.0,701,15.0,801,2.0,801,12.0,801,14.0,801,17.0,801,9.0,801,52.0,325,25.0,801,0.0
517,481,pontificia universidad católica argentina santa maría de los buenos aires - uca,Argentina,Americas,L,FC,MD,Private not for Profit,30.0,402,40.0,344,100.0,22,1.0,801,3.0,801,15.0,801,11.0,801,11.0,801,90.0,108,27.0,801,31.0
116,93,pontificia universidad católica de chile,Chile,Americas,L,FC,VH,Private not for Profit,98.0,36,99.0,29,35.0,562,14.0,801,42.0,482,8.0,801,12.0,801,81.0,328,100.0,13,80.0,169,66.0
791,801,pontificia universidad católica de valparaíso,Chile,Americas,L,CO,VH,Private not for Profit,36.0,332,29.0,487,7.0,801,13.0,801,15.0,801,3.0,801,2.0,801,43.0,801,12.0,801,37.0,801,0.0
345,359,pontificia universidad católica del perú (pucp),Peru,Americas,L,FO,VH,Private not for Profit,63.0,161,67.0,158,50.0,384,2.0,801,4.0,801,2.0,801,6.0,801,44.0,801,51.0,338,60.0,507,42.0
371,377,pontificia universidad javeriana,Colombia,Americas,L,FC,HI,Private not for Profit,61.0,173,62.0,185,38.0,535,3.0,801,4.0,801,4.0,801,9.0,801,39.0,801,83.0,144,59.0,530,40.0
1001,1001,pontificia universidade católica de são paulo (puc -sp),Brazil,Americas,M,FC,MD,Private not for Profit,13.0,701,21.0,620,49.0,399,2.0,801,5.0,801,2.0,801,6.0,801,3.0,801,44.0,402,15.0,801,0.0
571,611,pontificia universidade católica do rio de janeiro (puc - rio),Brazil,Americas,M,CO,VH,Private not for Profit,43.0,279,24.0,570,17.0,801,15.0,801,16.0,776,3.0,801,7.0,801,46.0,801,73.0,192,51.0,677,29.0
1201,1201,pontificia universidade católica do rio grande do sul,Brazil,Americas,M,FC,HI,Private not for Profit,9.0,701,6.0,701,18.0,801,20.0,714,3.0,801,2.0,801,7.0,801,20.0,801,12.0,801,29.0,801,0.0
1201,1201,portland state university,United States of America,Americas,L,CO,VH,Public,5.0,701,3.0,701,15.0,801,16.0,789,2.0,801,11.0,801,8.0,801,42.0,801,17.0,796,47.0,789,0.0
1001,851,poznan university of life sciences,Poland,Europe,M,FO,VH,Public,7.0,701,4.0,701,92.0,95,15.0,801,2.0,801,11.0,801,15.0,801,38.0,801,4.0,801,27.0,801,0.0
1001,1001,poznan university of technology,Poland,Europe,L,FO,VH,Public,11.0,701,13.0,701,40.0,510,13.0,801,3.0,801,11.0,801,16.0,801,48.0,801,7.0,801,28.0,801,0.0
1201,0,pratt institute,United States of America,Americas,M,FO,HI,Private not for Profit,7.0,701,7.0,701,48.0,413,2.0,801,8.0,801,96.0,120,71.0,262,2.0,801,7.0,801,10.0,801,0.0
436,513,prince mohammad bin fahd university,Saudi Arabia,Asia,S,SP,VH,Private not for Profit,23.0,558,34.0,427,33.0,588,55.0,331,100.0,13,30.0,593,22.0,726,32.0,801,3.0,801,37.0,801,35.0
851,951,prince of songkla university,Thailand,Asia,XL,FC,HI,Public,32.0,380,14.0,701,20.0,801,7.0,801,7.0,801,3.0,801,7.0,801,55.0,764,6.0,801,61.0,486,0.0
721,0,prince sattam bin abdulaziz university,Saudi Arabia,Asia,L,FO,VH,Public,6.0,701,3.0,701,69.0,237,20.0,720,100.0,109,16.0,801,18.0,789,94.0,109,3.0,801,36.0,801,0.0
535,681,prince sultan university,Saudi Arabia,Asia,S,SP,VH,Private not for Profit,11.0,701,12.0,701,19.0,801,62.0,274,100.0,35,23.0,686,25.0,691,63.0,654,16.0,801,46.0,801,31.0
731,681,princess nourah bint abdulrahman university,Saudi Arabia,Asia,L,CO,VH,Public,18.0,666,24.0,561,29.0,664,7.0,801,84.0,264,31.0,575,36.0,537,75.0,452,3.0,801,50.0,706,0.0
901,901,princess sumaya university for technology,Jordan,Asia,S,SP,HI,Private not for Profit,11.0,701,37.0,385,14.0,801,12.0,801,60.0,390,57.0,362,54.0,377,9.0,801,6.0,801,31.0,801,0.0
25,22,princeton university,United States of America,Americas,M,CO,VH,Private not for Profit,100.0,10,100.0,13,67.0,253,100.0,5,13.0,801,70.0,280,52.0,397,83.0,300,99.0,28,76.0,222,89.0
28,24,psl university,France,Europe,L,CO,VH,Public,83.0,86,99.0,31,99.0,48,85.0,123,70.0,336,76.0,252,78.0,222,100.0,3,98.0,51,88.0,83,89.0
1201,1201,pukyong national university,Republic of Korea,Asia,L,CO,VH,Public,9.0,701,6.0,701,21.0,801,14.0,801,7.0,801,14.0,801,11.0,801,34.0,801,2.0,801,59.0,530,0.0
88,89,purdue university,United States of America,Americas,XL,FC,VH,Public,74.0,115,93.0,62,16.0,801,62.0,265,96.0,159,55.0,377,60.0,344,91.0,157,81.0,153,88.0,74,71.0
473,524,pusan national university,Republic of Korea,Asia,L,FC,VH,Public,29.0,439,20.0,650,58.0,315,37.0,509,20.0,714,27.0,626,33.0,573,58.0,726,19.0,744,74.0,265,34.0
801,781,qassim university,Saudi Arabia,Asia,L,FC,VH,Public,16.0,701,7.0,701,47.0,421,4.0,801,100.0,64,25.0,661,31.0,600,72.0,497,3.0,801,52.0,658,0.0
112,122,qatar university,Qatar,Asia,M,FC,VH,Public,43.0,273,57.0,208,74.0,206,73.0,188,100.0,26,99.0,83,99.0,70,90.0,179,99.0,29,72.0,289,67.0
354,315,quaid-i-azam university,Pakistan,Asia,M,CO,VH,Public,24.0,530,48.0,274,5.0,801,98.0,51,10.0,801,3.0,801,8.0,801,68.0,577,28.0,599,47.0,793,41.0
110,120,queen mary university of london (qmul),United Kingdom,Europe,L,FC,VH,Public,64.0,160,47.0,277,31.0,618,83.0,134,100.0,100,100.0,45,100.0,34,92.0,146,40.0,438,82.0,144,67.0
199,206,queen's university belfast,United Kingdom,Europe,L,FC,VH,Public,50.0,228,43.0,309,30.0,627,58.0,304,100.0,79,99.0,74,99.0,65,95.0,73,20.0,735,90.0,67,56.0
226,213,queensland university of technology,Australia,Oceania,XL,CO,VH,Public,52.0,215,39.0,356,12.0,801,71.0,211,97.0,158,45.0,451,50.0,416,83.0,287,26.0,629,89.0,73,53.0
279,272,radboud university nijmegen,Netherlands,Europe,L,FC,VH,Public,39.0,310,20.0,648,35.0,566,73.0,189,84.0,266,30.0,589,36.0,534,93.0,136,35.0,492,68.0,353,48.0
1401,0,rajshahi university of engineering and technology,Bangladesh,Asia,M,SP,HI,,7.0,701,13.0,701,10.0,801,16.0,782,0.0,0,0.0,0,0.0,0,10.0,801,4.0,801,18.0,801,0.0
566,621,renmin (people’s) university of china,China (Mainland),Asia,L,FO,VH,Public,30.0,416,50.0,255,21.0,801,17.0,771,9.0,801,9.0,801,7.0,801,26.0,801,84.0,142,45.0,801,29.0
695,601,rensselaer polytechnic institute,United States of America,Americas,M,CO,VH,Private not for Profit,10.0,701,18.0,701,29.0,662,55.0,330,0.0,0,34.0,547,26.0,675,26.0,801,41.0,423,39.0,801,25.0
105,99,rheinisch-westfälische technische hochschule aachen,Germany,Europe,L,FC,VH,Public,58.0,187,96.0,46,11.0,801,80.0,157,60.0,393,93.0,146,94.0,122,86.0,237,56.0,298,83.0,135,68.0
207,227,rheinische friedrich-wilhelms-universität bonn,Germany,Europe,L,FC,VH,Public,68.0,144,36.0,407,77.0,188,25.0,640,51.0,432,56.0,369,61.0,337,96.0,56,50.0,343,86.0,95,55.0
1001,951,rhodes university,South Africa,Africa,M,FO,VH,Public,8.0,701,9.0,701,17.0,801,19.0,733,0.0,0,46.0,434,35.0,554,57.0,745,43.0,408,42.0,801,0.0
119,141,rice university,United States of America,Americas,M,CO,VH,Private not for Profit,51.0,221,51.0,245,75.0,196,82.0,148,91.0,215,97.0,104,97.0,91,66.0,605,46.0,381,82.0,156,66.0
1001,951,riga stradins university,Latvia,Europe,M,SP,HI,Public,7.0,701,16.0,701,16.0,801,3.0,801,31.0,580,96.0,111,96.0,102,16.0,801,15.0,801,30.0,801,0.0
761,721,riga technical university,Latvia,Europe,M,CO,VH,Public,13.0,701,32.0,449,32.0,606,6.0,801,22.0,686,85.0,195,86.0,165,38.0,801,41.0,432,48.0,770,0.0
1401,1201,rikkyo university,Japan,Asia,L,FO,HI,Private for Profit,6.0,701,14.0,701,10.0,801,3.0,801,33.0,556,11.0,801,14.0,801,12.0,801,10.0,801,30.0,801,0.0
1201,0,riphah international university,Pakistan,Asia,L,CO,HI,Private not for Profit,14.0,701,8.0,701,26.0,712,6.0,801,2.0,801,2.0,801,6.0,801,52.0,801,3.0,801,32.0,801,0.0
1001,901,ritsumeikan asia pacific university,Japan,Asia,M,SP,LO,Private for Profit,8.0,701,12.0,701,4.0,801,4.0,801,100.0,110,100.0,51,100.0,41,5.0,801,2.0,801,14.0,801,0.0
680,641,ritsumeikan university,Japan,Asia,XL,CO,HI,Private not for Profit,26.0,493,62.0,187,10.0,801,5.0,801,37.0,525,18.0,766,24.0,704,41.0,801,5.0,801,64.0,413,26.0
125,123,rmit university,Australia,Oceania,XL,CO,VH,Public,55.0,202,60.0,191,7.0,801,91.0,96,100.0,45,95.0,125,96.0,106,83.0,292,50.0,345,88.0,80,65.0
951,1001,rochester institute of technology (rit),United States of America,Americas,L,CO,VH,Private not for Profit,10.0,701,28.0,491,25.0,741,12.0,801,9.0,801,27.0,631,33.0,576,41.0,801,14.0,801,55.0,602,0.0
771,731,rovira i virgili university,Spain,Europe,L,FC,VH,Public,10.0,701,5.0,701,20.0,801,48.0,388,10.0,801,28.0,610,34.0,559,82.0,309,2.0,801,65.0,398,0.0
461,477,royal holloway university of london,United Kingdom,Europe,L,CO,VH,Public,23.0,548,12.0,701,15.0,801,41.0,460,96.0,164,89.0,177,90.0,151,73.0,487,12.0,801,62.0,464,34.0
367,316,rudn university,Russian Federation,Europe,XL,FC,VH,Public,28.0,443,61.0,189,94.0,84,4.0,801,11.0,801,95.0,123,96.0,105,88.0,199,14.0,801,59.0,521,41.0
395,396,ruhr-universität bochum,Germany,Europe,XL,FC,VH,Public,29.0,427,12.0,701,4.0,801,66.0,243,59.0,394,56.0,376,60.0,343,90.0,174,21.0,701,73.0,281,38.0
80,84,ruprecht-karls-universität heidelberg,Germany,Europe,L,FO,VH,Public,87.0,74,72.0,138,100.0,32,41.0,456,66.0,352,71.0,265,74.0,240,95.0,88,35.0,494,86.0,106,73.0
771,801,rutgers university - newark,United States of America,Americas,M,CO,VH,Public,14.0,701,14.0,701,26.0,718,26.0,623,31.0,575,45.0,450,49.0,423,27.0,801,45.0,394,61.0,474,0.0
328,328,rutgers university – new brunswick,United States of America,Americas,XL,CO,VH,Public,48.0,243,46.0,295,53.0,351,17.0,774,24.0,661,39.0,508,44.0,471,75.0,437,45.0,393,88.0,87,43.0
404,516,sabanci university,Türkiye,Asia,S,CO,VH,Private not for Profit,27.0,477,63.0,177,40.0,505,39.0,483,51.0,434,28.0,614,31.0,606,36.0,801,13.0,801,50.0,701,37.0
618,711,saint joseph university of beirut (usj),Lebanon,Asia,M,FC,HI,Private not for Profit,13.0,701,38.0,366,62.0,285,4.0,801,94.0,186,41.0,485,46.0,453,30.0,801,41.0,431,35.0,801,28.0
951,951,saint louis university,United States of America,Americas,L,CO,VH,Private not for Profit,6.0,701,4.0,701,51.0,373,24.0,660,21.0,701,42.0,473,32.0,596,24.0,801,19.0,748,36.0,801,0.0
375,365,saint petersburg state university,Russian Federation,Europe,L,FC,VH,Public,42.0,283,44.0,305,66.0,263,8.0,801,7.0,801,52.0,396,57.0,361,84.0,280,80.0,158,45.0,801,40.0
1201,1001,saint-petersburg electrotechnical university leti,Russian Federation,Europe,M,FO,VH,Public,5.0,701,6.0,701,52.0,363,3.0,801,6.0,801,56.0,371,59.0,349,16.0,801,7.0,801,26.0,801,0.0
1001,1001,saint-petersburg mining university,Russian Federation,Europe,M,FO,VH,Public,3.0,701,6.0,701,79.0,173,4.0,801,28.0,606,44.0,454,50.0,419,10.0,801,13.0,801,28.0,801,0.0
1401,1401,sakarya university,Türkiye,Asia,XL,FC,HI,Public,6.0,701,8.0,701,5.0,801,7.0,801,3.0,801,22.0,701,28.0,639,26.0,801,2.0,801,50.0,715,0.0
1201,1201,saken seifullin kazakh agrotechnical university,Kazakhstan,Asia,M,FO,HI,Private not for Profit,10.0,701,18.0,701,42.0,475,2.0,801,24.0,669,9.0,801,13.0,801,4.0,801,4.0,801,37.0,801,0.0
1201,1001,samara national research university (samara university),Russian Federation,Europe,M,CO,VH,Public,4.0,701,4.0,701,75.0,199,3.0,801,3.0,801,22.0,696,27.0,652,20.0,801,13.0,801,31.0,801,0.0
1001,0,samarkand state university,Uzbekistan,Asia,L,CO,MD,Public,24.0,534,18.0,701,41.0,494,1.0,801,25.0,651,7.0,801,10.0,801,7.0,801,10.0,801,12.0,801,0.0
1001,1001,san diego state university,United States of America,Americas,XL,CO,VH,Public,8.0,701,9.0,701,5.0,801,23.0,670,8.0,801,5.0,801,4.0,801,71.0,515,32.0,526,47.0,801,0.0
1401,1201,san francisco state university,United States of America,Americas,L,CO,HI,,5.0,701,7.0,701,8.0,801,7.0,801,5.0,801,8.0,801,6.0,801,32.0,801,16.0,800,36.0,801,0.0
128,132,sapienza university of rome,Italy,Europe,XL,FC,VH,Public,91.0,65,66.0,161,8.0,801,63.0,261,4.0,801,15.0,801,21.0,749,96.0,61,92.0,92,82.0,151,65.0
331,405,satbayev university (previously kazakh technical university named after k.i. satpaev),Kazakhstan,Asia,M,FO,VH,Public,41.0,295,59.0,196,94.0,81,2.0,801,89.0,229,54.0,383,49.0,427,26.0,801,33.0,515,49.0,737,43.0
1201,1201,sathyabama institute of science and technology,India,Asia,L,CO,VH,Private not for Profit,11.0,701,10.0,701,27.0,698,9.0,801,8.0,801,6.0,801,11.0,801,30.0,801,2.0,801,51.0,680,0.0
901,951,saveetha institute of medical and technical sciences (simats),India,Asia,L,FO,VH,Private not for Profit,9.0,701,3.0,701,26.0,713,20.0,708,84.0,263,11.0,801,15.0,801,83.0,293,2.0,801,48.0,751,0.0
566,631,savitribai phule pune university,India,Asia,M,CO,VH,Public,11.0,701,20.0,647,47.0,420,64.0,257,0.0,0,3.0,801,8.0,801,55.0,773,30.0,547,43.0,801,29.0
367,350,sciences po paris,France,Europe,L,SP,VH,Public,25.0,520,52.0,240,81.0,163,5.0,801,62.0,377,98.0,85,98.0,72,30.0,801,98.0,44,55.0,610,41.0
1201,1201,seattle university,United States of America,Americas,M,CO,HI,Private not for Profit,7.0,701,14.0,701,41.0,498,3.0,801,2.0,801,22.0,698,28.0,636,6.0,801,15.0,801,43.0,801,0.0
1001,1001,sebelas maret university,Indonesia,Asia,XL,FC,HI,Public,21.0,586,21.0,616,25.0,730,3.0,801,33.0,550,11.0,801,17.0,801,21.0,801,3.0,801,51.0,688,0.0
731,0,segi university,Malaysia,Asia,M,FO,HI,Private for Profit,7.0,701,13.0,701,91.0,100,2.0,801,95.0,179,100.0,13,100.0,8,7.0,801,9.0,801,31.0,801,0.0
392,396,sejong university,Republic of Korea,Asia,L,CO,VH,Private not for Profit,16.0,701,19.0,672,16.0,801,92.0,92,32.0,558,51.0,407,38.0,516,78.0,388,2.0,801,61.0,471,38.0
1201,0,selcuk university,Türkiye,Asia,L,CO,VH,Public,8.0,701,4.0,701,24.0,757,7.0,801,2.0,801,24.0,682,30.0,619,54.0,786,14.0,801,46.0,801,0.0
38,31,seoul national university,Republic of Korea,Asia,L,FC,VH,Public,100.0,20,99.0,24,86.0,130,81.0,150,13.0,801,28.0,622,34.0,571,78.0,391,100.0,6,91.0,57,86.0
1001,1201,seoul national university of science and technology,Republic of Korea,Asia,M,FO,VH,Public,11.0,701,8.0,701,21.0,801,19.0,734,12.0,801,32.0,565,29.0,633,29.0,801,2.0,801,50.0,708,0.0
741,851,shahid beheshti university (sbu),Iran (Islamic Republic of),Asia,L,FO,VH,Public,12.0,701,23.0,590,6.0,801,49.0,377,5.0,801,25.0,668,25.0,683,68.0,567,24.0,654,34.0,801,0.0
339,316,shandong university,China (Mainland),Asia,XL,FC,VH,Public,23.0,549,39.0,352,22.0,799,97.0,54,11.0,801,6.0,801,5.0,801,73.0,490,27.0,610,58.0,550,42.0
1201,1201,shanghai international studies university,China (Mainland),Asia,L,SP,VH,Public,7.0,701,6.0,701,22.0,801,3.0,801,34.0,546,40.0,491,30.0,618,11.0,801,9.0,801,9.0,801,0.0
47,45,shanghai jiao tong university,China (Mainland),Asia,XL,FC,VH,Public,93.0,56,94.0,56,65.0,275,100.0,13,41.0,490,19.0,741,14.0,801,78.0,389,88.0,119,83.0,141,84.0
1401,1401,shanghai normal university,China (Mainland),Asia,XL,CO,HI,Public,4.0,701,3.0,701,17.0,801,10.0,801,7.0,801,5.0,801,10.0,801,25.0,801,1.0,801,32.0,801,0.0
465,489,shanghai university,China (Mainland),Asia,XL,FO,VH,Public,30.0,410,21.0,615,51.0,369,49.0,385,30.0,589,10.0,801,8.0,801,63.0,657,13.0,801,43.0,801,34.0
1201,1201,shanghai university of finance and economics,China (Mainland),Asia,L,SP,VH,Public,6.0,701,15.0,701,12.0,801,10.0,801,20.0,706,4.0,801,9.0,801,14.0,801,48.0,360,32.0,801,0.0
375,342,sharif university of technology,Iran (Islamic Republic of),Asia,M,FO,VH,Public,18.0,686,48.0,267,8.0,801,99.0,36,3.0,801,2.0,801,6.0,801,68.0,560,39.0,448,39.0,801,40.0
1001,1001,sheffield hallam university,United Kingdom,Europe,XL,CO,HI,Public,10.0,701,13.0,701,11.0,801,7.0,801,43.0,480,43.0,469,48.0,434,61.0,682,12.0,801,41.0,801,0.0
452,508,shenzhen university,China (Mainland),Asia,XL,CO,VH,Public,12.0,701,9.0,701,40.0,501,91.0,100,16.0,780,3.0,801,8.0,801,69.0,547,26.0,623,48.0,751,34.0
1201,1001,shinshu university,Japan,Asia,M,FC,VH,Public,5.0,701,5.0,701,40.0,507,20.0,709,7.0,801,5.0,801,9.0,801,25.0,801,3.0,801,25.0,801,0.0
701,691,shiraz university,Iran (Islamic Republic of),Asia,L,CO,VH,Public,10.0,701,11.0,701,6.0,801,68.0,228,1.0,801,4.0,801,8.0,801,68.0,565,23.0,664,46.0,801,0.0
1201,0,shiv nadar university,India,Asia,S,CO,VH,Private for Profit,8.0,701,6.0,701,42.0,476,21.0,701,17.0,759,3.0,801,7.0,801,14.0,801,2.0,801,30.0,801,0.0
503,587,shoolini university of biotechnology and management sciences,India,Asia,S,CO,VH,Private not for Profit,16.0,701,23.0,589,12.0,801,83.0,138,29.0,595,2.0,801,6.0,801,54.0,781,2.0,801,57.0,555,32.0
1001,1001,siberian federal university,Russian Federation,Europe,M,CO,VH,Public,8.0,701,10.0,701,30.0,634,8.0,801,57.0,406,46.0,438,47.0,437,38.0,801,10.0,801,44.0,801,0.0
324,336,sichuan university,China (Mainland),Asia,XL,FC,VH,Public,31.0,397,35.0,418,14.0,801,100.0,20,10.0,801,9.0,801,7.0,801,73.0,489,21.0,709,45.0,801,43.0
1001,1001,silesian university of technology in gliwice,Poland,Europe,L,FO,VH,Public,9.0,701,10.0,701,39.0,516,15.0,801,5.0,801,7.0,801,12.0,801,75.0,440,13.0,801,32.0,801,0.0
1401,1401,silpakorn university,Thailand,Asia,L,CO,HI,Public,10.0,701,13.0,701,6.0,801,5.0,801,8.0,801,3.0,801,7.0,801,27.0,801,3.0,801,23.0,801,0.0
308,319,simon fraser university,Canada,Americas,L,CO,VH,Public,35.0,345,21.0,636,8.0,801,60.0,289,99.0,127,86.0,189,87.0,158,78.0,376,34.0,500,85.0,109,45.0
511,585,singapore management university,Singapore,Asia,M,SP,VH,Public,19.0,635,27.0,502,14.0,801,31.0,577,100.0,48,83.0,203,80.0,205,23.0,801,38.0,455,59.0,521,32.0
519,440,singapore university of technology and design,Singapore,Asia,S,SP,VH,,11.0,701,11.0,701,99.0,41,71.0,208,0.0,0,0.0,0,0.0,0,35.0,801,5.0,801,25.0,801,31.0
1201,1001,slovak university of agriculture in nitra,Slovakia,Europe,S,SP,HI,Public,9.0,701,11.0,701,37.0,547,16.0,794,9.0,801,9.0,801,12.0,801,29.0,801,6.0,801,25.0,801,0.0
1001,1001,slovak university of technology in bratislava,Slovakia,Europe,M,FO,VH,Public,11.0,701,11.0,701,49.0,396,8.0,801,5.0,801,29.0,602,22.0,732,54.0,779,18.0,762,28.0,801,0.0
511,508,soas university of london,United Kingdom,Europe,M,FO,VH,Public,25.0,516,19.0,686,18.0,801,24.0,663,100.0,67,99.0,63,99.0,52,18.0,801,35.0,489,65.0,398,32.0
558,576,sogang university,Republic of Korea,Asia,M,CO,VH,Private not for Profit,27.0,459,52.0,235,61.0,290,9.0,801,10.0,801,35.0,537,39.0,505,16.0,801,23.0,665,50.0,706,30.0
951,1001,sohar university,Oman,Asia,S,FO,VH,Private not for Profit,8.0,701,11.0,701,4.0,801,20.0,715,100.0,27,5.0,801,9.0,801,24.0,801,71.0,204,34.0,801,0.0
1401,0,soka university,Japan,Asia,M,CO,MD,Private not for Profit,6.0,701,8.0,701,11.0,801,3.0,801,68.0,345,13.0,801,16.0,801,12.0,801,2.0,801,12.0,801,0.0
801,641,soochow university,China (Mainland),Asia,XL,CO,VH,Public,9.0,701,8.0,701,26.0,721,57.0,305,3.0,801,2.0,801,7.0,801,51.0,801,24.0,657,36.0,801,0.0
1201,1201,sookmyung women's university,Republic of Korea,Asia,M,CO,HI,Private for Profit,7.0,701,10.0,701,47.0,422,5.0,801,5.0,801,5.0,801,9.0,801,6.0,801,2.0,801,40.0,801,0.0
1001,1001,soonchunhyang university,Republic of Korea,Asia,M,FC,VH,Private not for Profit,8.0,701,9.0,701,71.0,219,10.0,801,8.0,801,7.0,801,11.0,801,13.0,801,2.0,801,45.0,801,0.0
1401,1401,soongsil university,Republic of Korea,Asia,L,FO,VH,Private for Profit,3.0,701,7.0,701,12.0,801,9.0,801,6.0,801,24.0,674,18.0,796,22.0,801,4.0,801,20.0,801,0.0
951,951,sophia university,Japan,Asia,L,CO,HI,Private not for Profit,19.0,657,27.0,505,26.0,720,3.0,801,41.0,489,20.0,726,26.0,666,9.0,801,21.0,702,49.0,737,0.0
72,63,sorbonne university (merged from paris iv & upmc),France,Europe,XL,FC,VH,Public,93.0,52,62.0,182,56.0,329,69.0,225,36.0,533,67.0,300,70.0,270,99.0,9,84.0,140,89.0,68,76.0
377,385,south china university of technology,China (Mainland),Asia,XL,FO,VH,Public,19.0,652,21.0,635,29.0,641,99.0,31,16.0,778,11.0,801,16.0,801,65.0,623,40.0,434,50.0,701,40.0
951,901,south ural state university,Russian Federation,Europe,L,CO,VH,Public,9.0,701,9.0,701,57.0,317,8.0,801,6.0,801,23.0,694,26.0,669,84.0,272,6.0,801,33.0,801,0.0
638,576,southern cross university,Australia,Oceania,M,CO,VH,Public,6.0,701,4.0,701,4.0,801,56.0,322,93.0,203,63.0,322,66.0,296,61.0,677,6.0,801,66.0,385,27.0
1001,951,southern federal university,Russian Federation,Europe,L,CO,VH,Public,7.0,701,8.0,701,65.0,266,4.0,801,5.0,801,42.0,470,48.0,435,44.0,801,4.0,801,31.0,801,0.0
1001,1001,southern methodist university,United States of America,Americas,M,CO,VH,Private not for Profit,6.0,701,11.0,701,38.0,537,12.0,801,16.0,782,16.0,792,12.0,801,29.0,801,62.0,251,42.0,801,0.0
343,284,southern university of science and technology (sustech),China (Mainland),Asia,M,FO,VH,Public,15.0,701,9.0,701,88.0,116,100.0,14,43.0,479,3.0,801,7.0,801,47.0,801,1.0,801,66.0,387,42.0
1001,1001,southwest university,China (Mainland),Asia,XL,CO,VH,Public,3.0,701,4.0,701,12.0,801,45.0,414,2.0,801,5.0,801,4.0,801,51.0,801,17.0,798,38.0,801,0.0
1001,1001,srm institute of science and technology (f.k.a srm university),India,Asia,XL,CO,VH,Private not for Profit,14.0,701,22.0,606,17.0,801,9.0,801,2.0,801,3.0,801,7.0,801,75.0,441,5.0,801,49.0,729,0.0
3,6,stanford university,United States of America,Americas,L,FC,VH,Private not for Profit,100.0,5,100.0,3,100.0,17,100.0,24,94.0,188,74.0,261,76.0,230,97.0,49,100.0,2,95.0,19,99.0
1401,1401,state university malang (universitas negeri malang),Indonesia,Asia,XL,FO,VH,Public,11.0,701,5.0,701,10.0,801,3.0,801,23.0,670,2.0,801,6.0,801,13.0,801,7.0,801,34.0,801,0.0
1401,1401,stefan cel mare university of suceava,Romania,Europe,M,CO,HI,Public,6.0,701,5.0,701,7.0,801,9.0,801,3.0,801,39.0,509,35.0,545,25.0,801,5.0,801,34.0,801,0.0
302,296,stellenbosch university,South Africa,Africa,L,FC,VH,Public,37.0,331,45.0,299,5.0,801,68.0,233,25.0,642,15.0,801,11.0,801,94.0,111,89.0,114,61.0,480,45.0
673,701,stevens institute of technology,United States of America,Americas,M,FO,VH,Private not for Profit,4.0,701,10.0,701,8.0,801,61.0,282,54.0,418,99.0,79,98.0,73,22.0,801,14.0,801,47.0,799,26.0
147,128,stockholm university,Sweden,Europe,L,CO,VH,Public,65.0,155,30.0,484,28.0,678,74.0,186,83.0,271,79.0,224,59.0,346,97.0,45,91.0,102,72.0,291,63.0
452,460,stony brook university,United States of America,Americas,L,FC,VH,Public,24.0,527,18.0,701,44.0,459,32.0,556,47.0,451,53.0,384,58.0,352,74.0,474,32.0,527,83.0,141,34.0
1401,1201,suez canal university,Egypt,Africa,XL,FC,HI,Public,6.0,701,4.0,701,17.0,801,4.0,801,3.0,801,3.0,801,7.0,801,52.0,801,3.0,801,48.0,762,0.0
334,362,sultan qaboos university,Oman,Asia,M,FC,VH,Public,29.0,430,26.0,522,62.0,284,40.0,478,100.0,81,6.0,801,10.0,801,81.0,333,70.0,209,70.0,320,42.0
1001,0,sumgait state university,Azerbaijan,Asia,M,CO,MD,Public,14.0,701,13.0,701,98.0,58,1.0,801,3.0,801,1.0,801,6.0,801,2.0,801,12.0,801,0.0,0,0.0
1001,1001,sumy state university,Ukraine,Europe,M,FC,HI,Public,6.0,701,11.0,701,47.0,418,5.0,801,4.0,801,29.0,603,30.0,620,36.0,801,5.0,801,48.0,751,0.0
276,331,sun yat-sen university,China (Mainland),Asia,XL,FC,VH,Public,45.0,259,39.0,351,53.0,352,73.0,193,4.0,801,7.0,801,5.0,801,78.0,377,39.0,446,57.0,562,48.0
126,123,sungkyunkwan university,Republic of Korea,Asia,L,FC,VH,Private not for Profit,68.0,139,76.0,125,84.0,149,62.0,269,24.0,659,58.0,359,62.0,326,50.0,801,44.0,400,75.0,243,65.0
1001,1001,sungshin women's university,Republic of Korea,Asia,M,CO,MD,Private not for Profit,9.0,701,13.0,701,85.0,135,2.0,801,4.0,801,7.0,801,11.0,801,3.0,801,2.0,801,29.0,801,0.0
410,539,sunway university,Malaysia,Asia,M,CO,VH,Private not for Profit,21.0,592,53.0,228,57.0,324,25.0,636,57.0,405,67.0,298,69.0,279,61.0,671,5.0,801,61.0,474,37.0
1201,1201,suranaree university of technology,Thailand,Asia,L,FC,HI,Public,10.0,701,7.0,701,6.0,801,17.0,768,7.0,801,2.0,801,7.0,801,27.0,801,3.0,801,45.0,801,0.0
292,298,swansea university,United Kingdom,Europe,L,FC,VH,Public,35.0,348,55.0,222,29.0,666,43.0,439,77.0,312,81.0,221,82.0,187,80.0,357,14.0,801,84.0,121,46.0
294,291,swinburne university of technology,Australia,Oceania,L,CO,VH,Public,19.0,655,19.0,675,15.0,801,95.0,68,88.0,237,95.0,130,71.0,266,74.0,467,23.0,675,73.0,267,46.0
696,641,symbiosis international (deemed university),India,Asia,L,CO,VH,Private not for Profit,9.0,701,95.0,51,27.0,704,3.0,801,23.0,673,16.0,796,20.0,757,29.0,801,9.0,801,46.0,801,25.0
741,801,syracuse university,United States of America,Americas,L,CO,VH,Private not for Profit,17.0,701,18.0,699,16.0,801,17.0,763,25.0,648,46.0,443,51.0,410,57.0,742,58.0,285,61.0,486,0.0
1001,1001,széchenyi istván university,Hungary,Europe,M,FO,VH,Private for Profit,12.0,701,37.0,391,29.0,655,3.0,801,5.0,801,13.0,801,19.0,773,17.0,801,5.0,801,45.0,801,0.0
1201,1001,taibah university,Saudi Arabia,Asia,XL,FC,HI,Public,9.0,701,4.0,701,8.0,801,7.0,801,91.0,221,4.0,801,8.0,801,38.0,801,3.0,801,33.0,801,0.0
901,0,taif university,Saudi Arabia,Asia,XL,FC,VH,Public,7.0,701,3.0,701,9.0,801,30.0,586,100.0,44,5.0,801,9.0,801,81.0,343,3.0,801,46.0,801,0.0
597,611,taipei medical university,Taiwan,Asia,M,SP,VH,Private not for Profit,17.0,701,15.0,701,94.0,83,32.0,558,20.0,713,22.0,699,17.0,801,25.0,801,12.0,801,48.0,757,28.0
901,1001,tallinn university,Estonia,Europe,M,FO,VH,Public,11.0,701,12.0,701,13.0,801,10.0,801,64.0,363,31.0,585,37.0,529,55.0,768,46.0,382,44.0,801,0.0
635,621,tallinn university of technology,Estonia,Europe,M,FO,VH,Public,16.0,701,19.0,694,34.0,581,24.0,665,53.0,425,27.0,635,33.0,578,81.0,326,51.0,341,43.0,801,27.0
1201,1201,tamkang university,Taiwan,Asia,L,CO,HI,Private for Profit,8.0,701,10.0,701,5.0,801,11.0,801,8.0,801,12.0,801,16.0,801,25.0,801,36.0,484,46.0,801,0.0
423,462,tampere university,Finland,Europe,L,FC,VH,Public,29.0,424,25.0,543,25.0,737,48.0,392,62.0,378,14.0,801,20.0,771,84.0,277,42.0,417,49.0,729,36.0
1201,1201,tanta university,Egypt,Africa,XL,FC,HI,Public,8.0,701,10.0,701,7.0,801,4.0,801,2.0,801,3.0,801,7.0,801,73.0,484,6.0,801,48.0,757,0.0
721,701,taras shevchenko national university of kyiv,Ukraine,Europe,L,CO,VH,Public,22.0,567,50.0,254,31.0,619,4.0,801,2.0,801,4.0,801,8.0,801,38.0,801,72.0,200,38.0,801,0.0
469,547,tashkent institute of irrigation and agricultural mechanization engineers - national research university (tiiame-nru),Uzbekistan,Asia,M,CO,VH,Public,36.0,341,46.0,292,87.0,120,4.0,801,44.0,470,17.0,785,19.0,787,19.0,801,25.0,644,47.0,793,34.0
901,0,tashkent state technical university,Uzbekistan,Asia,L,CO,HI,Public,31.0,399,16.0,701,20.0,801,2.0,801,63.0,371,2.0,801,6.0,801,10.0,801,31.0,540,34.0,801,0.0
1201,0,tashkent state transport university,Uzbekistan,Asia,L,FO,HI,Public,19.0,640,11.0,701,25.0,740,1.0,801,4.0,801,2.0,801,7.0,801,2.0,801,9.0,801,30.0,801,0.0
1001,0,tashkent state university of economics,Uzbekistan,Asia,L,SP,MD,Public,16.0,701,31.0,455,14.0,801,2.0,801,19.0,726,11.0,801,14.0,801,14.0,801,24.0,660,37.0,801,0.0
1401,0,tashkent university of information technologies,Uzbekistan,Asia,L,SP,HI,Public,11.0,701,15.0,701,7.0,801,2.0,801,10.0,801,3.0,801,7.0,801,4.0,801,9.0,801,28.0,801,0.0
253,251,taylor's university (malaysia),Malaysia,Asia,M,CO,VH,Private for Profit,40.0,298,85.0,92,70.0,233,21.0,696,73.0,324,100.0,34,100.0,25,54.0,789,5.0,801,58.0,546,50.0
1201,1201,technical university of cluj-napoca,Romania,Europe,L,SP,VH,Public,6.0,701,11.0,701,11.0,801,8.0,801,4.0,801,6.0,801,10.0,801,47.0,801,5.0,801,42.0,801,0.0
107,109,technical university of denmark,Denmark,Europe,M,FO,VH,Public,45.0,264,36.0,396,98.0,49,91.0,99,100.0,52,96.0,113,96.0,96,87.0,213,61.0,269,68.0,351,68.0
1001,1001,technical university of kosice,Slovakia,Europe,M,FO,VH,Public,8.0,701,14.0,701,21.0,801,10.0,801,2.0,801,90.0,169,67.0,291,41.0,801,21.0,699,22.0,801,0.0
1201,1201,technical university of liberec,Czechia,Europe,M,CO,VH,Public,6.0,701,5.0,701,44.0,452,9.0,801,16.0,789,15.0,801,19.0,785,29.0,801,3.0,801,16.0,801,0.0
22,28,technical university of munich,Germany,Europe,XL,FO,VH,Public,92.0,60,100.0,16,71.0,223,93.0,90,86.0,252,99.0,72,99.0,63,96.0,63,57.0,293,88.0,83,90.0
1001,1001,technical university of ostrava,Czechia,Europe,M,FO,VH,Public,8.0,701,22.0,614,29.0,653,10.0,801,15.0,801,41.0,482,45.0,463,57.0,738,5.0,801,47.0,801,0.0
350,416,technion - israel institute of technology,Israel,Asia,L,FO,VH,Public,32.0,384,36.0,404,67.0,252,33.0,546,91.0,217,11.0,801,8.0,801,58.0,725,66.0,237,53.0,641,42.0
487,380,technische universität bergakademie freiberg,Germany,Europe,S,FO,VH,,7.0,701,6.0,701,10.0,801,91.0,101,60.0,392,100.0,25,100.0,16,35.0,801,1.0,801,33.0,801,33.0
145,147,technische universität berlin,Germany,Europe,L,CO,VH,Public,65.0,156,79.0,107,71.0,221,34.0,533,64.0,361,85.0,197,86.0,168,89.0,187,48.0,367,68.0,344,63.0
711,751,technische universität braunschweig,Germany,Europe,L,CO,VH,Public,14.0,701,22.0,604,70.0,232,10.0,801,0.0,0,51.0,405,38.0,515,66.0,608,19.0,738,47.0,776,0.0
253,241,technische universität darmstadt,Germany,Europe,L,CO,VH,Public,28.0,447,42.0,320,10.0,801,82.0,142,68.0,344,93.0,149,93.0,123,74.0,473,54.0,318,79.0,190,50.0
673,801,technische universität dortmund,Germany,Europe,L,FO,VH,Public,19.0,661,36.0,406,43.0,466,11.0,801,32.0,559,37.0,529,28.0,646,77.0,412,13.0,801,43.0,801,26.0
218,234,technische universität dresden,Germany,Europe,L,FC,VH,Public,47.0,247,49.0,259,75.0,197,59.0,296,40.0,495,42.0,476,47.0,439,95.0,75,13.0,801,88.0,80,54.0
1201,1201,technische universität kaiserslautern,Germany,Europe,L,CO,VH,,9.0,701,6.0,701,22.0,787,8.0,801,0.0,0,0.0,0,0.0,0,63.0,645,5.0,801,0.0,0,0.0
781,851,technological university of dublin,Ireland,Europe,L,CO,HI,Public,18.0,690,22.0,594,18.0,801,6.0,801,50.0,440,64.0,312,67.0,288,54.0,787,23.0,679,59.0,528,0.0
1201,1001,tecnológico de costa rica (tec),Costa Rica,Americas,M,FO,HI,Public,11.0,701,25.0,539,23.0,770,2.0,801,10.0,801,3.0,801,7.0,801,11.0,801,12.0,801,18.0,801,0.0
187,185,tecnológico de monterrey (itesm),Mexico,Americas,XL,FC,HI,Private not for Profit,70.0,136,94.0,55,69.0,236,5.0,801,25.0,658,18.0,758,24.0,696,75.0,451,97.0,52,74.0,262,57.0
223,209,tel aviv university,Israel,Asia,L,FC,VH,Public,44.0,269,31.0,462,6.0,801,100.0,25,49.0,444,15.0,801,21.0,743,78.0,378,94.0,79,77.0,214,54.0
1001,1001,telkom university (aka telkom institute of technology),Indonesia,Asia,L,SP,VH,Private for Profit,14.0,701,15.0,701,23.0,768,3.0,801,54.0,423,12.0,801,17.0,801,16.0,801,12.0,801,36.0,801,0.0
721,681,temple university,United States of America,Americas,L,FC,VH,Public,17.0,701,15.0,701,38.0,534,25.0,647,4.0,801,12.0,801,18.0,801,65.0,625,39.0,447,72.0,291,0.0
144,154,texas a&m university,United States of America,Americas,XL,FC,VH,Public,73.0,124,82.0,101,6.0,801,76.0,175,28.0,608,21.0,717,16.0,801,93.0,124,64.0,244,61.0,480,63.0
731,781,texas tech university,United States of America,Americas,XL,FC,HI,Public,15.0,701,27.0,509,10.0,801,19.0,739,64.0,364,17.0,777,24.0,714,71.0,517,28.0,591,66.0,376,0.0
551,596,thammasat university,Thailand,Asia,XL,FC,HI,Public,37.0,329,38.0,365,27.0,694,4.0,801,16.0,779,2.0,801,7.0,801,46.0,801,91.0,100,61.0,494,30.0
771,851,thapar institute of engineering & technology,India,Asia,M,FO,VH,Public,4.0,701,9.0,701,14.0,801,71.0,206,17.0,763,5.0,801,9.0,801,34.0,801,12.0,801,59.0,534,0.0
381,410,the american university in cairo,Egypt,Africa,M,CO,VH,Private not for Profit,41.0,292,47.0,278,39.0,521,12.0,801,98.0,141,7.0,801,12.0,801,47.0,801,89.0,118,52.0,669,39.0
741,801,the catholic university of korea,Republic of Korea,Asia,M,FC,VH,Private not for Profit,8.0,701,6.0,701,97.0,61,31.0,576,5.0,801,53.0,390,47.0,441,14.0,801,2.0,801,45.0,801,0.0
32,36,the chinese university of hong kong,"Hong Kong SAR, China",Asia,L,FC,VH,Public,94.0,48,67.0,157,76.0,191,95.0,71,100.0,50,93.0,143,90.0,147,68.0,563,91.0,94,84.0,123,87.0
1001,1201,the city college of new york,United States of America,Americas,L,FC,HI,Public,12.0,701,8.0,701,15.0,801,18.0,756,5.0,801,9.0,801,7.0,801,47.0,801,7.0,801,39.0,801,0.0
530,0,the education university of hong kong,"Hong Kong SAR, China",Asia,M,FO,VH,,9.0,701,8.0,701,72.0,215,40.0,474,100.0,104,69.0,285,62.0,325,43.0,801,9.0,801,35.0,801,31.0
1001,1001,the hashemite university,Jordan,Asia,L,FC,HI,Public,16.0,701,24.0,566,6.0,801,8.0,801,10.0,801,18.0,756,14.0,801,45.0,801,5.0,801,45.0,801,0.0
54,57,the hong kong polytechnic university,"Hong Kong SAR, China",Asia,L,CO,VH,Public,81.0,93,48.0,275,77.0,182,99.0,41,100.0,34,99.0,76,98.0,81,83.0,296,74.0,187,81.0,160,81.0
44,47,the hong kong university of science and technology,"Hong Kong SAR, China",Asia,M,FO,VH,Public,89.0,69,70.0,149,68.0,247,100.0,12,100.0,23,99.0,59,99.0,60,50.0,801,77.0,173,80.0,175,85.0
951,901,the robert gordon university,United Kingdom,Europe,L,CO,HI,Public,4.0,701,19.0,671,7.0,801,11.0,801,79.0,303,84.0,199,86.0,170,34.0,801,9.0,801,47.0,793,0.0
1201,1001,the russian presidential academy of national economy and public administration,Russian Federation,Europe,XL,FO,VH,Public,6.0,701,15.0,701,48.0,401,1.0,801,2.0,801,5.0,801,9.0,801,22.0,801,54.0,312,14.0,801,0.0
53,55,the university of amsterdam,Netherlands,Europe,XL,FC,VH,Public,93.0,57,73.0,135,28.0,688,87.0,113,99.0,133,96.0,117,71.0,259,95.0,82,90.0,104,64.0,422,82.0
65,65,the university of auckland,New Zealand,Oceania,XL,FC,VH,Public,92.0,63,55.0,220,18.0,801,79.0,162,100.0,83,96.0,122,96.0,104,89.0,194,97.0,61,96.0,17,78.0
525,587,the university of georgia,United States of America,Americas,XL,FC,VH,Public,28.0,452,37.0,388,14.0,801,33.0,552,11.0,801,9.0,801,7.0,801,85.0,254,36.0,478,66.0,385,31.0
11,17,the university of hong kong,"Hong Kong SAR, China",Asia,L,FC,VH,Public,99.0,27,83.0,97,85.0,131,97.0,60,100.0,31,100.0,38,100.0,24,82.0,305,100.0,15,85.0,112,94.0
35,34,the university of manchester,United Kingdom,Europe,XL,FC,VH,Public,99.0,31,99.0,26,58.0,310,57.0,308,95.0,176,100.0,56,100.0,45,99.0,7,92.0,90,98.0,9,86.0
19,13,the university of melbourne,Australia,Oceania,XL,FC,VH,Public,100.0,21,97.0,35,21.0,801,95.0,72,97.0,156,100.0,37,74.0,239,97.0,40,98.0,39,98.0,9,91.0
20,19,the university of new south wales,Australia,Oceania,XL,FC,VH,Public,96.0,43,94.0,59,30.0,632,97.0,58,100.0,69,100.0,41,100.0,30,98.0,25,99.0,32,97.0,12,91.0
227,179,the university of newcastle,Australia,Oceania,L,FC,VH,Public,36.0,336,31.0,466,30.0,638,95.0,67,100.0,92,36.0,533,42.0,494,82.0,319,21.0,712,85.0,112,53.0
1201,1001,the university of northampton,United Kingdom,Europe,L,CO,MD,Public,3.0,701,4.0,701,6.0,801,4.0,801,52.0,431,93.0,140,94.0,116,17.0,801,6.0,801,19.0,801,0.0
97,108,the university of nottingham,United Kingdom,Europe,XL,FC,VH,Public,75.0,110,78.0,110,45.0,444,49.0,382,93.0,202,79.0,231,81.0,201,97.0,30,54.0,313,93.0,36,69.0
91,86,the university of osaka,Japan,Asia,L,FC,VH,Public,91.0,67,90.0,73,46.0,430,66.0,242,25.0,649,21.0,709,27.0,651,72.0,500,51.0,330,80.0,180,71.0
42,40,the university of queensland,Australia,Oceania,XL,FC,VH,Public,94.0,46,80.0,105,27.0,705,94.0,79,100.0,60,100.0,28,100.0,18,97.0,36,67.0,233,93.0,41,85.0
92,105,the university of sheffield,United Kingdom,Europe,L,FC,VH,Public,73.0,122,62.0,186,50.0,378,68.0,226,82.0,281,98.0,89,98.0,76,97.0,42,48.0,363,94.0,27,71.0
25,18,the university of sydney,Australia,Oceania,XL,FC,VH,Public,99.0,29,94.0,53,16.0,801,94.0,78,100.0,101,100.0,18,100.0,12,96.0,71,96.0,70,98.0,11,89.0
36,32,the university of tokyo,Japan,Asia,L,FC,VH,Public,100.0,7,100.0,10,92.0,94,70.0,217,16.0,777,44.0,457,49.0,422,89.0,193,100.0,10,92.0,44,86.0
74,69,the university of warwick,United Kingdom,Europe,L,FC,VH,Public,83.0,85,93.0,60,48.0,402,44.0,432,100.0,111,99.0,60,99.0,49,94.0,101,75.0,182,85.0,117,75.0
77,77,the university of western australia,Australia,Oceania,L,FC,VH,Public,69.0,137,57.0,209,15.0,801,99.0,34,100.0,77,100.0,36,100.0,23,93.0,122,83.0,147,84.0,129,74.0
257,269,tianjin university,China (Mainland),Asia,L,CO,VH,Public,26.0,481,38.0,371,52.0,368,100.0,18,30.0,586,34.0,550,25.0,682,73.0,491,39.0,449,56.0,576,50.0
347,347,tilburg university,Netherlands,Europe,L,SP,VH,Public,21.0,602,37.0,382,17.0,801,67.0,236,99.0,128,77.0,238,80.0,209,61.0,678,23.0,669,51.0,693,42.0
1201,0,tishk international university,Iraq,Asia,M,CO,HI,Private for Profit,13.0,701,4.0,701,8.0,801,12.0,801,74.0,318,2.0,801,6.0,801,34.0,801,6.0,801,17.0,801,0.0
109,107,tohoku university,Japan,Asia,L,FC,VH,Public,85.0,82,87.0,84,98.0,52,36.0,519,21.0,705,19.0,739,26.0,678,70.0,529,37.0,474,82.0,149,67.0
1201,1201,tokai university,Japan,Asia,L,FC,HI,Private not for Profit,13.0,701,9.0,701,18.0,801,5.0,801,8.0,801,5.0,801,4.0,801,29.0,801,3.0,801,34.0,801,0.0
1201,1001,tokushima university,Japan,Asia,M,SP,VH,Public,5.0,701,3.0,701,70.0,231,10.0,801,3.0,801,4.0,801,8.0,801,18.0,801,6.0,801,23.0,801,0.0
85,84,tokyo institute of technology,Japan,Asia,M,FO,VH,Public,85.0,80,96.0,45,88.0,115,54.0,339,30.0,587,43.0,464,47.0,446,68.0,571,34.0,504,74.0,253,72.0
697,661,tokyo medical and dental university,Japan,Asia,S,FO,VH,Public,16.0,701,10.0,701,100.0,13,29.0,595,3.0,801,23.0,693,24.0,698,23.0,801,2.0,801,38.0,801,25.0
1001,1001,tokyo metropolitan university,Japan,Asia,M,CO,VH,Public,18.0,701,8.0,701,42.0,483,15.0,801,10.0,801,8.0,801,12.0,801,40.0,801,5.0,801,26.0,801,0.0
851,851,tokyo university of agriculture and technology,Japan,Asia,M,FO,VH,Public,16.0,701,11.0,701,19.0,801,40.0,464,12.0,801,11.0,801,15.0,801,42.0,801,2.0,801,33.0,801,0.0
801,751,tokyo university of science (rikadai),Japan,Asia,L,FO,VH,Private not for Profit,12.0,701,58.0,205,12.0,801,16.0,778,15.0,801,7.0,801,11.0,801,23.0,801,49.0,353,47.0,801,0.0
1201,1201,tomas bata university in zlin,Czechia,Europe,M,CO,HI,Public,6.0,701,10.0,701,14.0,801,11.0,801,33.0,552,31.0,583,36.0,542,31.0,801,5.0,801,26.0,801,0.0
688,576,tomsk polytechnic university,Russian Federation,Europe,M,FO,VH,Public,9.0,701,15.0,701,96.0,67,7.0,801,15.0,801,89.0,179,84.0,178,60.0,686,2.0,801,48.0,765,26.0
499,431,tomsk state university,Russian Federation,Europe,M,CO,VH,Public,25.0,502,20.0,656,99.0,39,7.0,801,28.0,609,95.0,131,93.0,125,66.0,599,7.0,801,31.0,801,32.0
684,711,ton duc thang university,Viet Nam,Asia,L,CO,VH,Public,6.0,701,13.0,701,9.0,801,75.0,180,8.0,801,2.0,801,6.0,801,88.0,200,7.0,801,44.0,801,26.0
177,192,tongji university,China (Mainland),Asia,XL,FC,VH,Public,45.0,261,41.0,331,31.0,613,100.0,27,93.0,204,47.0,425,52.0,393,75.0,449,33.0,507,77.0,210,59.0
1401,0,tongmyong university,Republic of Korea,Asia,M,FO,HI,,6.0,701,4.0,701,39.0,523,2.0,801,9.0,801,60.0,341,53.0,386,2.0,801,2.0,801,5.0,801,0.0
711,801,toronto metropolitan university (formerly ryerson university),Canada,Americas,XL,CO,VH,Public,13.0,701,19.0,673,2.0,801,41.0,459,47.0,458,20.0,736,26.0,676,61.0,679,20.0,723,66.0,381,0.0
1201,1201,transilvania university of brasov,Romania,Europe,L,FC,HI,Public,9.0,701,10.0,701,8.0,801,7.0,801,5.0,801,4.0,801,9.0,801,70.0,538,5.0,801,32.0,801,0.0
17,20,tsinghua university,China (Mainland),Asia,XL,FC,VH,Public,100.0,16,100.0,15,97.0,63,100.0,26,40.0,502,32.0,570,24.0,707,80.0,347,97.0,60,69.0,339,91.0
334,344,tufts university,United States of America,Americas,L,FC,VH,Private not for Profit,24.0,532,21.0,619,66.0,264,53.0,360,43.0,477,48.0,419,53.0,387,67.0,588,69.0,219,86.0,96,42.0
597,631,tulane university,United States of America,Americas,L,FC,HI,Private not for Profit,15.0,701,14.0,701,87.0,117,18.0,760,20.0,708,19.0,752,25.0,692,79.0,363,46.0,375,52.0,665,28.0
1201,1201,tunghai university,Taiwan,Asia,L,FO,VH,Private for Profit,10.0,701,9.0,701,7.0,801,13.0,801,14.0,801,18.0,765,22.0,735,28.0,801,22.0,696,48.0,774,0.0
1201,0,ucam universidad católica san antonio de murcia,Spain,Europe,L,FO,VH,,10.0,701,6.0,701,10.0,801,8.0,801,15.0,801,44.0,460,49.0,425,24.0,801,2.0,801,41.0,801,0.0
9,9,ucl (university college london),United Kingdom,Europe,XL,FC,VH,Public,100.0,15,99.0,18,95.0,77,81.0,151,100.0,108,100.0,27,100.0,17,100.0,2,89.0,111,99.0,5,96.0
269,265,ucsi university,Malaysia,Asia,M,FO,VH,Private for Profit,41.0,293,70.0,145,88.0,113,9.0,801,93.0,201,99.0,69,99.0,64,50.0,801,13.0,801,62.0,466,49.0
310,280,ulsan national institute of science and technology,Republic of Korea,Asia,S,FO,VH,Public,22.0,571,16.0,701,93.0,92,100.0,29,37.0,520,16.0,801,19.0,782,27.0,801,4.0,801,58.0,550,45.0
401,456,umeå university,Sweden,Europe,L,FC,VH,Public,27.0,461,20.0,652,81.0,165,25.0,639,77.0,310,38.0,520,28.0,638,77.0,406,12.0,801,77.0,213,37.0
622,559,umm al-qura university,Saudi Arabia,Asia,XL,FC,HI,Public,24.0,537,15.0,701,61.0,291,5.0,801,100.0,95,26.0,643,20.0,770,71.0,510,12.0,801,37.0,801,28.0
229,261,united arab emirates university,United Arab Emirates,Asia,M,FC,VH,Public,43.0,272,58.0,199,55.0,341,35.0,522,100.0,24,39.0,501,44.0,470,89.0,191,88.0,120,69.0,341,53.0
578,576,universidad adolfo ibáñez,Chile,Americas,M,SP,VH,Private not for Profit,29.0,433,63.0,170,8.0,801,9.0,801,46.0,460,8.0,801,12.0,801,34.0,801,61.0,267,40.0,801,29.0
851,801,universidad anahuac,Mexico,Americas,L,CO,MD,Private not for Profit,18.0,681,30.0,480,61.0,295,1.0,801,6.0,801,5.0,801,10.0,801,4.0,801,69.0,221,25.0,801,0.0
1001,1001,universidad andrés bello - unab,Chile,Americas,XL,FC,HI,Private not for Profit,20.0,633,16.0,701,11.0,801,4.0,801,10.0,801,4.0,801,8.0,801,61.0,680,3.0,801,57.0,559,0.0
1001,0,universidad argentina de la empresa -uade,Argentina,Americas,L,FO,MD,Private not for Profit,6.0,701,17.0,701,98.0,55,1.0,801,3.0,801,10.0,801,14.0,801,1.0,801,29.0,566,0.0,0,0.0
519,524,universidad austral - argentina,Argentina,Americas,M,FC,MD,Private not for Profit,30.0,409,49.0,263,90.0,105,3.0,801,3.0,801,17.0,786,19.0,784,13.0,801,70.0,211,29.0,801,31.0
1001,1001,universidad austral de chile,Chile,Americas,L,FC,HI,Private not for Profit,19.0,638,15.0,701,4.0,801,14.0,801,21.0,703,3.0,801,7.0,801,46.0,801,5.0,801,44.0,801,0.0
1201,1001,universidad autónoma chapingo,Mexico,Americas,M,FO,VH,Public,4.0,701,4.0,701,78.0,178,2.0,801,9.0,801,1.0,801,1.0,801,6.0,801,13.0,801,17.0,801,0.0
1401,1401,universidad autónoma de baja california,Mexico,Americas,XL,CO,HI,Public,11.0,701,8.0,701,6.0,801,2.0,801,5.0,801,6.0,801,5.0,801,14.0,801,2.0,801,49.0,732,0.0
1401,1401,universidad autónoma de chile,Chile,Americas,XL,FO,VH,Private not for Profit,8.0,701,5.0,701,6.0,801,6.0,801,16.0,792,2.0,801,2.0,801,39.0,801,3.0,801,36.0,801,0.0
1201,1201,universidad autónoma de guadalajara,Mexico,Americas,M,FC,MD,Private for Profit,10.0,701,5.0,701,29.0,665,1.0,801,46.0,464,24.0,681,18.0,801,2.0,801,2.0,801,7.0,801,0.0
206,198,universidad autónoma de madrid,Spain,Europe,XL,FC,VH,Public,73.0,121,72.0,142,40.0,511,27.0,620,22.0,683,30.0,594,36.0,543,93.0,135,53.0,322,73.0,281,55.0
1201,1001,universidad autónoma de nuevo león (uanl),Mexico,Americas,XL,FC,HI,Public,21.0,593,11.0,701,3.0,801,3.0,801,4.0,801,1.0,801,1.0,801,39.0,801,18.0,750,44.0,801,0.0
1201,1201,universidad autónoma del estado de hidalgo,Mexico,Americas,XL,FC,MD,Public,4.0,701,8.0,701,52.0,366,2.0,801,3.0,801,3.0,801,7.0,801,13.0,801,2.0,801,42.0,801,0.0
1201,1001,universidad autónoma del estado de méxico,Mexico,Americas,XL,FC,MD,Public,23.0,547,13.0,701,8.0,801,2.0,801,4.0,801,2.0,801,6.0,801,16.0,801,2.0,801,40.0,801,0.0
951,951,universidad autónoma metropolitana (uam),Mexico,Americas,XL,FC,HI,Public,33.0,379,16.0,701,5.0,801,4.0,801,12.0,801,2.0,801,1.0,801,47.0,801,6.0,801,48.0,765,0.0
301,285,universidad carlos iii de madrid,Spain,Europe,L,FO,VH,Public,45.0,260,65.0,162,51.0,376,8.0,801,74.0,321,75.0,254,56.0,365,68.0,572,26.0,618,77.0,208,45.0
901,741,universidad católica andrés bello - ucab,Venezuela (Bolivarian Republic of),Americas,M,FO,MD,Private not for Profit,34.0,362,56.0,210,7.0,801,1.0,801,6.0,801,5.0,801,9.0,801,0.0,0,23.0,677,0.0,0,0.0
1401,1401,universidad católica de temuco,Chile,Americas,M,CO,HI,Private not for Profit,5.0,701,3.0,701,3.0,801,10.0,801,50.0,442,1.0,801,1.0,801,22.0,801,3.0,801,27.0,801,0.0
1201,1201,universidad católica del norte,Chile,Americas,M,FC,HI,Private not for Profit,6.0,701,5.0,701,11.0,801,9.0,801,22.0,688,9.0,801,7.0,801,45.0,801,3.0,801,53.0,646,0.0
901,901,universidad católica del uruguay (ucu),Uruguay,Americas,S,CO,MD,Private not for Profit,18.0,669,26.0,530,77.0,180,2.0,801,13.0,801,6.0,801,10.0,801,9.0,801,27.0,604,23.0,801,0.0
731,691,universidad central de venezuela - ucv,Venezuela (Bolivarian Republic of),Americas,L,FC,MD,Public,29.0,431,45.0,298,42.0,487,1.0,801,3.0,801,2.0,801,6.0,801,13.0,801,58.0,289,36.0,801,0.0
1201,901,universidad central marta abreu de las villas,Cuba,Americas,M,CO,HI,Public,5.0,701,2.0,701,100.0,28,2.0,801,1.0,801,2.0,801,1.0,801,9.0,801,27.0,616,10.0,801,0.0
1201,0,universidad cientifica del sur,Peru,Americas,L,FC,MD,Private for Profit,6.0,701,7.0,701,68.0,244,2.0,801,4.0,801,1.0,801,6.0,801,15.0,801,5.0,801,30.0,801,0.0
697,621,universidad de alcalá,Spain,Europe,L,FC,VH,Public,14.0,701,10.0,701,73.0,212,11.0,801,12.0,801,51.0,403,56.0,369,79.0,361,12.0,801,72.0,291,25.0
781,801,universidad de alicante,Spain,Europe,L,FC,VH,Public,21.0,589,12.0,701,36.0,556,14.0,801,12.0,801,21.0,704,28.0,644,79.0,362,10.0,801,71.0,301,0.0
781,791,universidad de antioquia,Colombia,Americas,XL,FO,VH,Public,40.0,304,24.0,557,6.0,801,7.0,801,5.0,801,0.0,0,0.0,0,56.0,753,27.0,612,46.0,801,0.0
951,781,universidad de belgrano,Argentina,Americas,M,FO,MD,Private not for Profit,11.0,701,15.0,701,85.0,134,1.0,801,7.0,801,39.0,503,29.0,624,0.0,0,44.0,397,0.0,0,0.0
84,71,universidad de buenos aires,Argentina,Americas,XL,FC,VH,Public,98.0,34,96.0,44,82.0,158,2.0,801,72.0,328,79.0,233,81.0,202,76.0,423,100.0,12,66.0,376,72.0
1001,1001,universidad de castilla-la mancha,Spain,Europe,L,FC,VH,Public,11.0,701,5.0,701,22.0,791,18.0,754,3.0,801,10.0,801,16.0,801,70.0,521,8.0,801,47.0,793,0.0
173,139,universidad de chile,Chile,Americas,XL,FC,VH,Public,92.0,61,92.0,63,11.0,801,18.0,747,12.0,801,8.0,801,13.0,801,78.0,384,98.0,50,70.0,321,59.0
613,631,universidad de concepción,Chile,Americas,L,FC,HI,Private not for Profit,37.0,325,34.0,422,20.0,801,12.0,801,15.0,801,3.0,801,7.0,801,64.0,634,17.0,786,70.0,321,28.0
499,497,universidad de costa rica,Costa Rica,Americas,XL,CO,HI,Public,46.0,253,32.0,453,44.0,445,3.0,801,3.0,801,3.0,801,3.0,801,46.0,801,86.0,130,54.0,627,32.0
1401,1401,universidad de cuenca,Ecuador,Americas,L,FC,MD,Public,11.0,701,5.0,701,6.0,801,3.0,801,7.0,801,3.0,801,3.0,801,20.0,801,16.0,801,39.0,801,0.0
951,951,universidad de córdoba - españa,Spain,Europe,L,CO,VH,,16.0,701,7.0,701,33.0,591,18.0,749,0.0,0,0.0,0,0.0,0,80.0,360,6.0,801,46.0,801,0.0
1001,1001,universidad de guadalajara (udg),Mexico,Americas,XL,FC,HI,Public,27.0,475,13.0,701,21.0,801,2.0,801,3.0,801,1.0,801,6.0,801,45.0,801,10.0,801,55.0,601,0.0
1401,1401,universidad de guanajuato,Mexico,Americas,XL,CO,HI,Public,11.0,701,4.0,701,7.0,801,5.0,801,8.0,801,2.0,801,6.0,801,25.0,801,10.0,801,24.0,801,0.0
1201,1001,universidad de la frontera (ufro),Chile,Americas,M,CO,VH,Public,14.0,701,8.0,701,7.0,801,19.0,726,3.0,801,2.0,801,2.0,801,44.0,801,3.0,801,32.0,801,0.0
801,691,universidad de la habana,Cuba,Americas,L,FO,HI,Public,20.0,617,18.0,701,71.0,218,2.0,801,3.0,801,7.0,801,5.0,801,19.0,801,86.0,131,32.0,801,0.0
650,661,universidad de la república (udelar),Uruguay,Americas,XL,FC,HI,Public,40.0,302,20.0,645,18.0,801,2.0,801,11.0,801,4.0,801,3.0,801,63.0,649,91.0,99,43.0,801,27.0
951,951,universidad de la sabana,Colombia,Americas,M,FC,HI,Private not for Profit,30.0,403,30.0,472,22.0,800,4.0,801,4.0,801,3.0,801,7.0,801,18.0,801,14.0,801,32.0,801,0.0
1201,1201,universidad de las américas (udla) ecuador,Ecuador,Americas,L,CO,HI,Private not for Profit,14.0,701,8.0,701,21.0,801,3.0,801,25.0,654,5.0,801,9.0,801,18.0,801,7.0,801,31.0,801,0.0
1001,1001,universidad de las américas puebla (udlap),Mexico,Americas,M,FC,MD,Private not for Profit,12.0,701,13.0,701,56.0,332,3.0,801,22.0,689,16.0,801,17.0,801,7.0,801,5.0,801,19.0,801,0.0
1001,951,universidad de león,Spain,Europe,M,CO,VH,,10.0,701,7.0,701,52.0,361,10.0,801,4.0,801,21.0,722,16.0,801,47.0,801,4.0,801,61.0,494,0.0
1201,1001,universidad de lima,Peru,Americas,L,SP,HI,Private not for Profit,14.0,701,32.0,450,7.0,801,2.0,801,4.0,801,4.0,801,8.0,801,11.0,801,30.0,548,34.0,801,0.0
901,951,universidad de los andes chile,Chile,Americas,M,FC,HI,Private not for Profit,25.0,504,37.0,392,13.0,801,5.0,801,15.0,801,4.0,801,8.0,801,18.0,801,45.0,388,29.0,801,0.0
212,179,universidad de los andes colombia,Colombia,Americas,L,FC,HI,Private not for Profit,82.0,92,91.0,70,18.0,801,11.0,801,29.0,597,3.0,801,8.0,801,55.0,774,98.0,35,76.0,223,55.0
1201,1001,universidad de los andes mérida,Venezuela (Bolivarian Republic of),Americas,L,FC,MD,Public,20.0,608,13.0,701,26.0,711,2.0,801,2.0,801,2.0,801,6.0,801,19.0,801,22.0,688,32.0,801,0.0
1201,1201,universidad de monterrey,Mexico,Americas,M,FO,HI,Private not for Profit,20.0,622,15.0,701,9.0,801,2.0,801,18.0,737,7.0,801,5.0,801,9.0,801,6.0,801,33.0,801,0.0
801,741,universidad de montevideo,Uruguay,Americas,S,FC,MD,Private not for Profit,25.0,513,26.0,525,81.0,161,1.0,801,27.0,625,6.0,801,10.0,801,8.0,801,13.0,801,12.0,801,0.0
901,1001,universidad de oviedo,Spain,Europe,L,CO,VH,Public,18.0,671,8.0,701,34.0,576,12.0,801,6.0,801,6.0,801,11.0,801,74.0,468,12.0,801,64.0,429,0.0
771,621,universidad de palermo,Argentina,Americas,S,FO,HI,Private not for Profit,16.0,701,16.0,701,96.0,68,1.0,801,42.0,481,94.0,136,90.0,148,4.0,801,10.0,801,0.0,0,0.0
1401,1201,universidad de panama,Panama,Americas,XL,FO,MD,Public,9.0,701,6.0,701,4.0,801,1.0,801,4.0,801,5.0,801,9.0,801,11.0,801,63.0,247,26.0,801,0.0
1401,1201,universidad de piura,Peru,Americas,M,FO,HI,Private not for Profit,12.0,701,14.0,701,8.0,801,1.0,801,8.0,801,1.0,801,1.0,801,5.0,801,15.0,801,14.0,801,0.0
1001,1001,universidad de puerto rico,Puerto Rico,Americas,XL,FC,HI,Public,15.0,701,11.0,701,23.0,776,4.0,801,8.0,801,2.0,801,6.0,801,43.0,801,72.0,202,38.0,801,0.0
1001,951,universidad de san andrés,Argentina,Americas,S,SP,HI,Private not for Profit,12.0,701,25.0,535,53.0,354,4.0,801,10.0,801,8.0,801,6.0,801,12.0,801,33.0,522,0.0,0,0.0
801,801,universidad de san francisco de quito,Ecuador,Americas,M,FC,HI,Private not for Profit,25.0,510,18.0,701,41.0,489,5.0,801,57.0,403,3.0,801,7.0,801,32.0,801,13.0,801,55.0,606,0.0
490,461,universidad de santiago de chile - usach,Chile,Americas,L,FC,HI,Public,50.0,222,60.0,193,11.0,801,8.0,801,11.0,801,4.0,801,8.0,801,54.0,783,18.0,772,54.0,627,33.0
469,462,universidad de sevilla,Spain,Europe,XL,FC,VH,Public,53.0,210,21.0,640,23.0,763,15.0,801,5.0,801,26.0,648,32.0,591,91.0,164,22.0,694,66.0,376,34.0
1001,1001,universidad de talca,Chile,Americas,M,FO,VH,Public,14.0,701,12.0,701,9.0,801,13.0,801,27.0,619,2.0,801,2.0,801,46.0,801,3.0,801,29.0,801,0.0
1401,1201,universidad de tarapaca,Chile,Americas,M,CO,VH,Public,4.0,701,2.0,701,4.0,801,20.0,706,18.0,755,0.0,0,0.0,0,50.0,801,3.0,801,21.0,801,0.0
901,851,universidad de valladolid,Spain,Europe,L,CO,VH,,16.0,701,6.0,701,41.0,491,7.0,801,10.0,801,8.0,801,13.0,801,85.0,257,20.0,721,59.0,516,0.0
1201,1201,universidad de valparaíso,Chile,Americas,L,FC,HI,Public,16.0,701,8.0,701,13.0,801,5.0,801,9.0,801,3.0,801,2.0,801,34.0,801,5.0,801,40.0,801,0.0
638,544,universidad de zaragoza,Spain,Europe,L,FC,VH,Public,30.0,413,10.0,701,55.0,346,16.0,792,2.0,801,10.0,801,16.0,801,89.0,185,15.0,801,70.0,319,27.0
1401,1201,universidad del bio-bio,Chile,Americas,M,CO,VH,Public,12.0,701,5.0,701,5.0,801,9.0,801,12.0,801,2.0,801,2.0,801,32.0,801,3.0,801,24.0,801,0.0
1201,1201,universidad del desarrollo,Chile,Americas,L,CO,HI,Private not for Profit,12.0,701,16.0,701,16.0,801,4.0,801,11.0,801,3.0,801,8.0,801,18.0,801,7.0,801,48.0,774,0.0
1201,1001,universidad del norte,Colombia,Americas,M,FC,HI,Private not for Profit,13.0,701,14.0,701,13.0,801,6.0,801,9.0,801,2.0,801,6.0,801,27.0,801,11.0,801,44.0,801,0.0
624,641,universidad del pais vasco,Spain,Europe,XL,CO,VH,Public,29.0,435,11.0,701,38.0,530,28.0,608,3.0,801,6.0,801,5.0,801,90.0,172,31.0,533,52.0,673,28.0
781,771,universidad del rosario,Colombia,Americas,M,FC,HI,Private not for Profit,24.0,531,33.0,439,35.0,563,4.0,801,10.0,801,6.0,801,5.0,801,31.0,801,49.0,357,58.0,543,0.0
1001,1001,universidad del valle,Colombia,Americas,XL,FC,MD,Public,24.0,529,10.0,701,11.0,801,3.0,801,3.0,801,2.0,801,7.0,801,25.0,801,29.0,580,35.0,801,0.0
1201,0,universidad del valle de guatemala (uvg),Guatemala,Americas,M,CO,MD,Private not for Profit,7.0,701,11.0,701,62.0,288,1.0,801,9.0,801,3.0,801,7.0,801,6.0,801,15.0,801,11.0,801,0.0
1401,1201,universidad del zulia,Venezuela (Bolivarian Republic of),Americas,L,FC,MD,Public,15.0,701,13.0,701,5.0,801,3.0,801,1.0,801,2.0,801,1.0,801,15.0,801,12.0,801,8.0,801,0.0
1001,1001,universidad diego portales,Chile,Americas,L,FO,VH,Private not for Profit,19.0,647,26.0,526,12.0,801,6.0,801,18.0,758,6.0,801,5.0,801,37.0,801,9.0,801,36.0,801,0.0
951,901,universidad eafit,Colombia,Americas,L,CO,HI,Private not for Profit,19.0,634,46.0,293,7.0,801,4.0,801,4.0,801,2.0,801,2.0,801,11.0,801,52.0,326,45.0,801,0.0
951,0,universidad espíritu santo (uees),Ecuador,Americas,S,FO,VH,Private not for Profit,6.0,701,9.0,701,34.0,580,11.0,801,63.0,373,64.0,315,47.0,438,25.0,801,13.0,801,43.0,801,0.0
901,0,universidad europea de madrid,Spain,Europe,L,FC,MD,,8.0,701,20.0,668,57.0,328,3.0,801,14.0,801,96.0,110,96.0,95,12.0,801,11.0,801,45.0,801,0.0
951,901,universidad externado de colombia,Colombia,Americas,L,FO,MD,Private not for Profit,16.0,701,34.0,428,49.0,395,1.0,801,11.0,801,2.0,801,2.0,801,6.0,801,41.0,424,24.0,801,0.0
901,801,universidad iberoamericana (uia),Mexico,Americas,M,FC,MD,Private not for Profit,24.0,526,30.0,469,34.0,575,2.0,801,8.0,801,4.0,801,8.0,801,5.0,801,71.0,203,26.0,801,0.0
1001,1001,universidad icesi,Colombia,Americas,M,FO,HI,Private not for Profit,8.0,701,9.0,701,88.0,114,2.0,801,5.0,801,5.0,801,9.0,801,7.0,801,13.0,801,16.0,801,0.0
1201,1201,universidad industrial de santander,Colombia,Americas,L,FC,MD,Public,13.0,701,18.0,701,6.0,801,3.0,801,6.0,801,2.0,801,6.0,801,19.0,801,13.0,801,29.0,801,0.0
1201,1001,universidad jesuita de guadalajara - iteso,Mexico,Americas,M,FO,MD,Private not for Profit,9.0,701,8.0,701,85.0,138,1.0,801,4.0,801,3.0,801,2.0,801,4.0,801,2.0,801,22.0,801,0.0
1401,1201,universidad la salle (ulsa),Mexico,Americas,M,FO,MD,Private for Profit,6.0,701,17.0,701,29.0,651,1.0,801,3.0,801,2.0,801,2.0,801,2.0,801,6.0,801,10.0,801,0.0
1401,1201,universidad latinoamericana de ciencia y tecnología costa rica (ulacit),Costa Rica,Americas,S,CO,LO,Private not for Profit,8.0,701,17.0,701,33.0,592,1.0,801,14.0,801,13.0,801,10.0,801,1.0,801,12.0,801,0.0,0,0.0
1401,1201,universidad metropolitana,Venezuela (Bolivarian Republic of),Americas,M,CO,LO,Private not for Profit,10.0,701,24.0,550,6.0,801,1.0,801,4.0,801,3.0,801,7.0,801,2.0,801,28.0,590,0.0,0,0.0
1401,1201,universidad nacional agraria la molina,Peru,Americas,M,FO,VH,Public,9.0,701,8.0,701,17.0,801,3.0,801,2.0,801,3.0,801,7.0,801,13.0,801,5.0,801,34.0,801,0.0
136,94,universidad nacional autónoma de méxico (unam),Mexico,Americas,XL,FC,VH,Public,99.0,28,96.0,43,47.0,419,4.0,801,10.0,801,5.0,801,11.0,801,94.0,110,98.0,47,82.0,146,64.0
1201,1201,universidad nacional costa rica,Costa Rica,Americas,L,CO,MD,Public,14.0,701,18.0,698,18.0,801,2.0,801,13.0,801,4.0,801,3.0,801,17.0,801,11.0,801,23.0,801,0.0
1201,1001,universidad nacional de asunción,Paraguay,Americas,XL,FC,MD,Public,8.0,701,6.0,701,43.0,462,1.0,801,2.0,801,3.0,801,7.0,801,13.0,801,74.0,189,29.0,801,0.0
259,219,universidad nacional de colombia,Colombia,Americas,XL,FC,HI,Public,81.0,94,91.0,69,7.0,801,7.0,801,8.0,801,2.0,801,7.0,801,63.0,656,57.0,292,69.0,325,50.0
1201,1001,universidad nacional de cuyo,Argentina,Americas,XL,FC,HI,Public,18.0,684,11.0,701,24.0,754,3.0,801,2.0,801,12.0,801,9.0,801,27.0,801,15.0,801,44.0,801,0.0
851,901,universidad nacional de córdoba,Argentina,Americas,XL,FC,HI,Public,39.0,308,23.0,576,8.0,801,2.0,801,2.0,801,2.0,801,2.0,801,41.0,801,20.0,726,39.0,801,0.0
1201,1201,universidad nacional de ingeniería peru,Peru,Americas,L,FO,HI,,11.0,701,31.0,458,10.0,801,2.0,801,1.0,801,1.0,801,6.0,801,7.0,801,28.0,602,11.0,801,0.0
458,534,universidad nacional de la plata,Argentina,Americas,XL,FC,HI,Public,56.0,199,31.0,464,41.0,496,3.0,801,7.0,801,42.0,478,31.0,601,54.0,780,38.0,463,39.0,801,34.0
1001,951,universidad nacional de rosario,Argentina,Americas,XL,FC,MD,Public,27.0,457,15.0,701,30.0,635,1.0,801,0.0,0,11.0,801,8.0,801,27.0,801,15.0,801,19.0,801,0.0
1201,1001,universidad nacional de san luis,Argentina,Americas,L,FO,HI,Public,4.0,701,2.0,701,85.0,136,1.0,801,0.0,0,0.0,0,0.0,0,10.0,801,2.0,801,18.0,801,0.0
1401,1201,universidad nacional de san martín (unsam),Argentina,Americas,L,CO,HI,Public,16.0,701,5.0,701,8.0,801,4.0,801,2.0,801,7.0,801,5.0,801,29.0,801,2.0,801,27.0,801,0.0
1201,1001,universidad nacional del centro de la provincia de buenos aires,Argentina,Americas,L,FC,MD,Public,6.0,701,6.0,701,81.0,160,2.0,801,0.0,0,0.0,0,0.0,0,8.0,801,2.0,801,21.0,801,0.0
1201,1201,universidad nacional del litoral,Argentina,Americas,XL,CO,HI,Public,18.0,674,10.0,701,3.0,801,4.0,801,7.0,801,2.0,801,1.0,801,27.0,801,7.0,801,41.0,801,0.0
1401,1201,universidad nacional del sur,Argentina,Americas,L,FC,HI,Public,8.0,701,5.0,701,23.0,775,2.0,801,0.0,0,0.0,0,0.0,0,30.0,801,5.0,801,29.0,801,0.0
951,901,universidad nacional mayor de san marcos,Peru,Americas,XL,FC,HI,Public,29.0,429,28.0,492,11.0,801,2.0,801,0.0,0,0.0,0,0.0,0,33.0,801,53.0,321,24.0,801,0.0
1001,851,universidad ort uruguay,Uruguay,Americas,M,FO,MD,Private not for Profit,13.0,701,22.0,598,84.0,145,1.0,801,17.0,765,3.0,801,2.0,801,4.0,801,7.0,801,7.0,801,0.0
701,691,universidad panamericana (up),Mexico,Americas,L,FO,HI,Private not for Profit,16.0,701,34.0,419,81.0,162,2.0,801,25.0,655,5.0,801,4.0,801,14.0,801,74.0,191,36.0,801,0.0
1001,1001,universidad peruana cayetano heredia,Peru,Americas,M,FO,VH,Private not for Profit,15.0,701,12.0,701,59.0,305,4.0,801,2.0,801,2.0,801,2.0,801,24.0,801,5.0,801,53.0,641,0.0
1201,1201,universidad peruana de ciencias aplicadas (upc),Peru,Americas,XL,FO,HI,Private not for Profit,18.0,689,27.0,511,5.0,801,1.0,801,17.0,766,2.0,801,2.0,801,10.0,801,5.0,801,32.0,801,0.0
334,321,universidad politécnica de madrid,Spain,Europe,XL,CO,VH,Public,43.0,275,68.0,155,25.0,736,20.0,722,4.0,801,45.0,448,34.0,567,82.0,316,69.0,218,71.0,305,42.0
1001,901,universidad pontificia bolivariana,Colombia,Americas,M,FO,VH,Private not for Profit,11.0,701,13.0,701,84.0,146,3.0,801,5.0,801,5.0,801,9.0,801,18.0,801,28.0,601,29.0,801,0.0
581,544,universidad pontificia comillas,Spain,Europe,M,FO,VH,Private not for Profit,12.0,701,77.0,117,48.0,400,4.0,801,25.0,644,11.0,801,17.0,801,10.0,801,87.0,125,49.0,729,29.0
1001,1001,universidad rey juan carlos,Spain,Europe,XL,CO,VH,Public,13.0,701,17.0,701,12.0,801,9.0,801,24.0,660,20.0,727,26.0,667,65.0,619,15.0,801,64.0,422,0.0
1001,1001,universidad simón bolívar venezuela,Venezuela (Bolivarian Republic of),Americas,S,FO,VH,Public,20.0,632,23.0,584,24.0,762,4.0,801,2.0,801,1.0,801,1.0,801,12.0,801,42.0,418,12.0,801,0.0
1401,0,universidad tecnológica centroamericana (unitec) - honduras,Honduras,Americas,M,FO,HI,Private not for Profit,8.0,701,8.0,701,30.0,633,1.0,801,6.0,801,3.0,801,7.0,801,11.0,801,24.0,652,25.0,801,0.0
1201,1001,universidad tecnológica de panamá (utp),Panama,Americas,L,CO,MD,Public,10.0,701,20.0,661,38.0,531,1.0,801,5.0,801,8.0,801,12.0,801,5.0,801,7.0,801,25.0,801,0.0
1201,1001,universidad tecnológica nacional (utn),Argentina,Americas,XL,SP,HI,Public,5.0,701,19.0,678,57.0,327,1.0,801,0.0,0,4.0,801,3.0,801,11.0,801,9.0,801,19.0,801,0.0
951,951,universidad torcuato di tella,Argentina,Americas,S,SP,HI,Private not for Profit,18.0,664,36.0,401,19.0,801,4.0,801,41.0,488,14.0,801,10.0,801,5.0,801,42.0,420,19.0,801,0.0
1001,951,universidad técnica federico santa maría,Chile,Americas,L,FO,VH,Private not for Profit,13.0,701,38.0,374,5.0,801,8.0,801,19.0,728,2.0,801,2.0,801,46.0,801,18.0,767,43.0,801,0.0
1001,1001,universidade da coruña,Spain,Europe,L,CO,VH,Public,9.0,701,7.0,701,29.0,645,14.0,801,4.0,801,9.0,801,15.0,801,62.0,667,4.0,801,61.0,477,0.0
801,751,universidade de brasilia (unb),Brazil,Americas,XL,FC,VH,Public,35.0,347,11.0,701,9.0,801,8.0,801,13.0,801,2.0,801,7.0,801,64.0,639,36.0,476,67.0,368,0.0
628,651,universidade de santiago de compostela,Spain,Europe,L,CO,VH,Public,34.0,359,16.0,701,18.0,801,28.0,612,3.0,801,12.0,801,18.0,801,77.0,399,20.0,728,62.0,450,27.0
108,92,universidade de são paulo (usp),Brazil,Americas,XL,FC,VH,Public,97.0,40,81.0,102,31.0,623,40.0,467,9.0,801,4.0,801,9.0,801,95.0,76,99.0,31,89.0,70,67.0
851,901,universidade de vigo,Spain,Europe,L,CO,VH,Public,14.0,701,9.0,701,15.0,801,33.0,555,5.0,801,11.0,801,9.0,801,82.0,323,5.0,801,73.0,279,0.0
1201,1201,universidade do estado do rio de janeiro (uerj),Brazil,Americas,XL,FC,HI,Public,13.0,701,7.0,701,23.0,780,4.0,801,5.0,801,1.0,801,1.0,801,48.0,801,23.0,680,32.0,801,0.0
233,232,universidade estadual de campinas (unicamp),Brazil,Americas,XL,FC,VH,Public,82.0,91,51.0,247,22.0,788,37.0,500,15.0,801,4.0,801,9.0,801,85.0,265,33.0,521,80.0,180,52.0
1201,1201,universidade federal da bahia,Brazil,Americas,XL,FC,HI,Public,14.0,701,5.0,701,12.0,801,6.0,801,7.0,801,2.0,801,2.0,801,49.0,801,21.0,715,41.0,801,0.0
595,671,universidade federal de minas gerais,Brazil,Americas,XL,FC,VH,Public,45.0,257,17.0,701,21.0,801,12.0,801,9.0,801,3.0,801,7.0,801,68.0,574,51.0,335,48.0,751,28.0
1201,1001,universidade federal de pernambuco (ufpe),Brazil,Americas,XL,FC,HI,Public,16.0,701,4.0,701,20.0,801,8.0,801,5.0,801,1.0,801,6.0,801,58.0,713,7.0,801,36.0,801,0.0
801,781,universidade federal de santa catarina,Brazil,Americas,L,FC,VH,Public,26.0,485,8.0,701,25.0,731,16.0,786,6.0,801,4.0,801,9.0,801,64.0,631,24.0,659,65.0,393,0.0
1201,1201,universidade federal de santa maria,Brazil,Americas,L,FC,HI,Public,7.0,701,2.0,701,25.0,734,10.0,801,3.0,801,2.0,801,7.0,801,53.0,800,8.0,801,56.0,582,0.0
801,691,universidade federal de são paulo (unifesp),Brazil,Americas,L,FC,VH,Public,14.0,701,9.0,701,98.0,59,10.0,801,6.0,801,2.0,801,7.0,801,50.0,801,4.0,801,62.0,460,0.0
1401,1401,universidade federal de uberlândia,Brazil,Americas,L,FC,HI,Public,5.0,701,3.0,701,21.0,801,6.0,801,2.0,801,2.0,801,6.0,801,33.0,801,3.0,801,43.0,801,0.0
1201,1201,universidade federal de viçosa,Brazil,Americas,L,FC,HI,Public,7.0,701,4.0,701,17.0,801,16.0,780,3.0,801,4.0,801,8.0,801,27.0,801,6.0,801,50.0,711,0.0
1201,1201,universidade federal do ceará (ufc),Brazil,Americas,XL,FC,HI,Public,11.0,701,5.0,701,8.0,801,10.0,801,2.0,801,2.0,801,6.0,801,42.0,801,8.0,801,36.0,801,0.0
1001,1001,universidade federal do paraná (ufpr),Brazil,Americas,XL,FC,VH,Public,19.0,637,9.0,701,26.0,722,10.0,801,4.0,801,11.0,801,9.0,801,55.0,762,18.0,759,40.0,801,0.0
317,304,universidade federal do rio de janeiro,Brazil,Americas,XL,FC,VH,Public,73.0,123,36.0,395,18.0,801,14.0,801,10.0,801,2.0,801,7.0,801,81.0,331,90.0,107,71.0,301,44.0
1401,1201,universidade federal do rio grande do norte,Brazil,Americas,XL,FC,HI,Public,7.0,701,2.0,701,11.0,801,7.0,801,0.0,0,1.0,801,6.0,801,50.0,801,1.0,801,31.0,801,0.0
691,691,universidade federal do rio grande do sul,Brazil,Americas,XL,FC,VH,Public,37.0,327,9.0,701,20.0,801,16.0,788,4.0,801,2.0,801,7.0,801,81.0,344,32.0,525,64.0,425,25.0
1201,1001,universidade federal fluminense,Brazil,Americas,XL,FC,HI,Public,13.0,701,3.0,701,17.0,801,6.0,801,9.0,801,1.0,801,6.0,801,57.0,736,18.0,770,56.0,582,0.0
327,388,universidade nova de lisboa,Portugal,Europe,L,FC,VH,Public,40.0,301,43.0,315,18.0,801,38.0,498,27.0,620,78.0,236,80.0,207,84.0,273,59.0,275,67.0,363,43.0
1201,1201,universidade presbiteriana mackenzie,Brazil,Americas,M,CO,HI,Private not for Profit,6.0,701,13.0,701,20.0,801,4.0,801,2.0,801,1.0,801,6.0,801,14.0,801,56.0,295,18.0,801,0.0
851,901,universita' degli studi della tuscia,Italy,Europe,M,FO,VH,Public,4.0,701,2.0,701,8.0,801,67.0,234,19.0,722,29.0,607,33.0,580,41.0,801,2.0,801,37.0,801,0.0
951,851,universita' degli studi di ferrara,Italy,Europe,L,FC,HI,Public,9.0,701,5.0,701,4.0,801,47.0,399,4.0,801,7.0,801,12.0,801,66.0,614,7.0,801,54.0,619,0.0
801,801,universita' degli studi di salerno,Italy,Europe,L,FC,VH,Public,12.0,701,6.0,701,10.0,801,47.0,404,4.0,801,3.0,801,7.0,801,86.0,246,5.0,801,58.0,536,0.0
1201,0,universita' degli studi di urbino carlo bo,Italy,Europe,L,FO,VH,Public,7.0,701,3.0,701,3.0,801,15.0,801,23.0,680,9.0,801,14.0,801,29.0,801,14.0,801,27.0,801,0.0
801,751,universita' politecnica delle marche - univpm,Italy,Europe,M,FO,VH,Public,8.0,701,5.0,701,17.0,801,55.0,326,9.0,801,12.0,801,18.0,801,77.0,396,4.0,801,57.0,555,0.0
287,308,universitas airlangga,Indonesia,Asia,XL,FC,VH,Public,52.0,213,88.0,78,70.0,235,3.0,801,77.0,308,11.0,801,17.0,801,53.0,797,24.0,658,57.0,568,47.0
1401,1401,universitas andalas,Indonesia,Asia,XL,CO,HI,Public,13.0,701,8.0,701,14.0,801,2.0,801,14.0,801,4.0,801,8.0,801,6.0,801,5.0,801,39.0,801,0.0
224,239,universitas gadjah mada,Indonesia,Asia,XL,FC,VH,Public,70.0,134,85.0,93,65.0,265,3.0,801,63.0,370,9.0,801,15.0,801,46.0,801,76.0,177,66.0,381,54.0
189,206,universitas indonesia,Indonesia,Asia,XL,FC,VH,Public,70.0,135,89.0,76,69.0,240,4.0,801,87.0,249,11.0,801,16.0,801,60.0,701,87.0,124,61.0,486,57.0
1201,1201,universitas muhammadiyah yogyakarta (umy),Indonesia,Asia,L,FO,HI,Private not for Profit,11.0,701,4.0,701,5.0,801,2.0,801,83.0,275,4.0,801,8.0,801,8.0,801,3.0,801,38.0,801,0.0
1401,0,universitas negeri padang,Indonesia,Asia,XL,FO,HI,Public,11.0,701,3.0,701,32.0,608,1.0,801,18.0,753,2.0,801,6.0,801,6.0,801,3.0,801,39.0,801,0.0
1201,1201,universitas negeri yogyakarta,Indonesia,Asia,L,CO,HI,Public,17.0,701,7.0,701,12.0,801,2.0,801,19.0,732,3.0,801,7.0,801,11.0,801,3.0,801,33.0,801,0.0
515,596,universitas padjadjaran (unpad),Indonesia,Asia,XL,FO,VH,Public,30.0,408,52.0,237,56.0,334,2.0,801,54.0,417,4.0,801,9.0,801,32.0,801,45.0,384,60.0,507,32.0
1201,1201,universitas pendidikan indonesia,Indonesia,Asia,XL,CO,HI,Public,17.0,701,6.0,701,16.0,801,2.0,801,18.0,757,3.0,801,7.0,801,20.0,801,3.0,801,43.0,801,0.0
1001,1201,universitas sumatera utara,Indonesia,Asia,XL,FC,HI,Public,14.0,701,13.0,701,38.0,532,2.0,801,14.0,801,3.0,801,7.0,801,29.0,801,7.0,801,46.0,801,0.0
1401,0,universitas syiah kuala,Indonesia,Asia,L,FC,HI,Public,9.0,701,3.0,701,18.0,801,4.0,801,3.0,801,3.0,801,7.0,801,24.0,801,3.0,801,39.0,801,0.0
1201,0,universitas trisakti,Indonesia,Asia,M,FO,VH,Private not for Profit,14.0,701,6.0,701,29.0,649,2.0,801,3.0,801,1.0,801,6.0,801,4.0,801,41.0,425,33.0,801,0.0
172,175,universitat autónoma de barcelona,Spain,Europe,XL,FC,VH,Public,76.0,105,42.0,318,15.0,801,76.0,170,27.0,632,27.0,625,33.0,572,94.0,105,30.0,546,90.0,61,59.0
1001,1001,universitat de lleida,Spain,Europe,M,CO,VH,,7.0,701,4.0,701,28.0,690,22.0,691,7.0,801,16.0,795,22.0,724,56.0,747,5.0,801,59.0,519,0.0
430,445,universitat de valencia,Spain,Europe,XL,FC,VH,Public,50.0,227,17.0,701,17.0,801,31.0,575,3.0,801,39.0,497,45.0,465,91.0,151,17.0,797,74.0,255,36.0
1001,0,universitat jaume i,Spain,Europe,L,CO,VH,Public,8.0,701,3.0,701,21.0,801,28.0,601,5.0,801,24.0,671,30.0,612,51.0,801,2.0,801,60.0,509,0.0
422,436,universitat politecnica de valencia,Spain,Europe,XL,CO,VH,Public,38.0,314,28.0,501,35.0,561,31.0,572,8.0,801,42.0,479,47.0,443,86.0,240,22.0,689,80.0,180,36.0
392,371,universitat politècnica de catalunya,Spain,Europe,L,CO,VH,Public,41.0,291,33.0,437,43.0,471,27.0,617,17.0,771,31.0,578,37.0,527,84.0,276,36.0,481,77.0,214,38.0
265,265,universitat pompeu fabra,Spain,Europe,M,FO,VH,Public,44.0,268,40.0,346,19.0,801,71.0,212,85.0,260,40.0,487,46.0,456,76.0,422,23.0,671,66.0,371,49.0
436,466,universitat ramon llull,Spain,Europe,L,CO,HI,Private not for Profit,18.0,701,73.0,136,10.0,801,16.0,797,80.0,295,68.0,290,71.0,261,31.0,801,81.0,152,57.0,562,35.0
367,385,universiti brunei darussalam (ubd),Brunei Darussalam,Asia,S,CO,VH,Public,30.0,406,21.0,643,94.0,82,23.0,679,100.0,70,44.0,463,42.0,492,53.0,796,58.0,283,52.0,655,41.0
126,138,universiti kebangsaan malaysia (ukm),Malaysia,Asia,L,FC,VH,Public,76.0,106,76.0,119,79.0,174,30.0,587,50.0,439,95.0,129,94.0,114,86.0,235,36.0,485,75.0,243,65.0
1201,1201,universiti kuala lumpur (unikl),Malaysia,Asia,L,FC,HI,Private for Profit,10.0,701,11.0,701,34.0,579,4.0,801,7.0,801,5.0,801,10.0,801,18.0,801,5.0,801,23.0,801,0.0
58,60,universiti malaya (um),Malaysia,Asia,L,FC,VH,Public,92.0,58,97.0,40,74.0,205,47.0,398,69.0,338,87.0,188,87.0,159,93.0,127,78.0,167,85.0,115,80.0
1201,0,universiti malaysia kelantan,Malaysia,Asia,M,CO,VH,Public,10.0,701,4.0,701,7.0,801,11.0,801,17.0,768,14.0,801,16.0,801,26.0,801,5.0,801,48.0,763,0.0
609,741,universiti malaysia pahang al-sultan abdullah (umpsa),Malaysia,Asia,M,FO,VH,Public,17.0,701,10.0,701,24.0,760,58.0,300,32.0,561,19.0,746,21.0,747,62.0,668,5.0,801,51.0,675,28.0
1001,1201,universiti malaysia perlis (unimap),Malaysia,Asia,M,FO,VH,Public,11.0,701,9.0,701,30.0,636,14.0,801,2.0,801,5.0,801,9.0,801,48.0,801,5.0,801,43.0,801,0.0
1001,1001,universiti malaysia sarawak (unimas),Malaysia,Asia,M,FC,HI,Public,20.0,612,14.0,701,17.0,801,7.0,801,44.0,472,20.0,732,23.0,719,36.0,801,5.0,801,43.0,801,0.0
801,1001,universiti malaysia terengganu (umt),Malaysia,Asia,M,CO,VH,Public,17.0,701,8.0,701,19.0,801,29.0,596,24.0,668,30.0,588,32.0,592,59.0,709,5.0,801,58.0,543,0.0
851,951,universiti pendidikan sultan idris (upsi),Malaysia,Asia,M,FO,VH,Public,17.0,701,19.0,696,39.0,519,6.0,801,45.0,466,63.0,318,57.0,359,23.0,801,5.0,801,43.0,801,0.0
134,148,universiti putra malaysia (upm),Malaysia,Asia,L,FC,VH,Public,76.0,108,73.0,133,67.0,258,38.0,487,45.0,467,98.0,84,99.0,71,87.0,221,23.0,666,69.0,331,64.0
134,146,universiti sains malaysia (usm),Malaysia,Asia,L,FC,VH,Public,78.0,104,80.0,104,48.0,410,38.0,486,35.0,539,99.0,57,99.0,48,93.0,137,29.0,568,75.0,249,64.0
1401,0,universiti sultan zainal abidin,Malaysia,Asia,M,CO,VH,Public,8.0,701,3.0,701,14.0,801,5.0,801,20.0,721,10.0,801,14.0,801,28.0,801,5.0,801,17.0,801,0.0
1201,1201,universiti teknikal malaysia melaka (utem),Malaysia,Asia,M,SP,VH,Public,10.0,701,11.0,701,18.0,801,11.0,801,5.0,801,11.0,801,14.0,801,35.0,801,5.0,801,36.0,801,0.0
578,562,universiti teknologi brunei,Brunei Darussalam,Asia,S,FO,VH,Public,20.0,609,13.0,701,87.0,123,23.0,673,100.0,62,8.0,801,12.0,801,21.0,801,17.0,794,35.0,801,29.0
153,181,universiti teknologi malaysia (utm),Malaysia,Asia,L,CO,VH,Public,64.0,158,72.0,139,59.0,309,58.0,302,16.0,797,91.0,155,92.0,132,91.0,167,20.0,730,69.0,326,62.0
542,587,universiti teknologi mara - uitm,Malaysia,Asia,XL,FC,VH,Public,45.0,267,49.0,265,26.0,709,6.0,801,3.0,801,3.0,801,8.0,801,74.0,458,5.0,801,55.0,593,30.0
251,269,universiti teknologi petronas (utp),Malaysia,Asia,S,SP,VH,Private not for Profit,30.0,415,41.0,332,45.0,442,95.0,70,87.0,245,30.0,596,31.0,608,72.0,498,5.0,801,50.0,704,50.0
551,641,universiti tenaga nasional (uniten),Malaysia,Asia,S,SP,VH,Private for Profit,10.0,701,20.0,660,77.0,187,34.0,535,35.0,537,71.0,274,66.0,299,56.0,754,5.0,801,49.0,737,30.0
1001,1001,universiti tun hussein onn university of malaysia (uthm),Malaysia,Asia,L,CO,VH,Public,15.0,701,12.0,701,12.0,801,19.0,744,7.0,801,12.0,801,15.0,801,46.0,801,5.0,801,50.0,708,0.0
791,801,universiti tunku abdul rahman (utar),Malaysia,Asia,M,FC,HI,Private not for Profit,19.0,636,44.0,304,19.0,801,13.0,801,16.0,784,8.0,801,12.0,801,52.0,801,5.0,801,58.0,548,0.0
491,554,universiti utara malaysia (uum),Malaysia,Asia,M,CO,VH,Public,31.0,393,39.0,349,48.0,404,13.0,801,26.0,638,87.0,186,84.0,177,42.0,801,16.0,799,50.0,715,33.0
901,851,university at albany suny,United States of America,Americas,L,CO,VH,Public,10.0,701,10.0,701,7.0,801,44.0,427,5.0,801,10.0,801,8.0,801,63.0,647,13.0,801,47.0,776,0.0
410,466,university at buffalo suny,United States of America,Americas,L,FC,VH,Public,26.0,482,19.0,683,11.0,801,53.0,354,52.0,430,53.0,393,57.0,358,74.0,462,44.0,405,83.0,138,37.0
246,273,university college cork,Ireland,Europe,L,FC,VH,Public,43.0,270,48.0,269,23.0,782,53.0,357,86.0,253,75.0,255,77.0,224,69.0,551,50.0,351,84.0,127,51.0
118,126,university college dublin,Ireland,Europe,L,FC,VH,Public,67.0,149,58.0,204,20.0,801,62.0,272,100.0,112,90.0,170,91.0,144,89.0,188,92.0,88,92.0,49,66.0
187,164,university complutense madrid,Spain,Europe,XL,FC,VH,Public,79.0,101,74.0,131,42.0,486,13.0,801,18.0,736,33.0,561,39.0,511,93.0,132,97.0,53,80.0,163,57.0
262,236,university of aberdeen,United Kingdom,Europe,M,FC,VH,,40.0,299,35.0,413,45.0,437,43.0,442,96.0,168,87.0,185,88.0,155,90.0,176,30.0,549,88.0,83,49.0
901,951,university of alabama,United States of America,Americas,XL,CO,VH,Public,12.0,701,30.0,482,8.0,801,19.0,736,7.0,801,4.0,801,4.0,801,60.0,698,29.0,557,53.0,644,0.0
901,801,university of alaska fairbanks,United States of America,Americas,S,CO,VH,Public,3.0,701,4.0,701,100.0,33,20.0,713,6.0,801,6.0,801,4.0,801,40.0,801,6.0,801,38.0,801,0.0
94,96,university of alberta,Canada,Americas,XL,FC,VH,Public,71.0,133,53.0,230,45.0,443,72.0,204,99.0,119,79.0,229,81.0,199,95.0,90,77.0,169,91.0,58,70.0
1001,0,university of anbar,Iraq,Asia,L,CO,HI,Public,25.0,507,15.0,701,27.0,695,3.0,801,4.0,801,2.0,801,6.0,801,26.0,801,6.0,801,32.0,801,0.0
280,267,university of antwerp,Belgium,Europe,L,FC,VH,Public,35.0,343,19.0,690,43.0,465,58.0,303,96.0,162,46.0,444,51.0,411,95.0,79,60.0,270,81.0,162,47.0
287,293,university of arizona,United States of America,Americas,XL,FC,VH,Public,49.0,231,40.0,336,43.0,463,47.0,397,25.0,643,15.0,801,21.0,746,94.0,116,54.0,311,67.0,363,47.0
1001,1001,university of arkansas fayetteville,United States of America,Americas,L,CO,VH,Public,8.0,701,7.0,701,8.0,801,19.0,732,9.0,801,4.0,801,4.0,801,68.0,570,34.0,496,45.0,801,0.0
419,359,university of aveiro,Portugal,Europe,L,CO,VH,Public,19.0,658,16.0,701,13.0,801,95.0,73,5.0,801,25.0,667,31.0,605,86.0,245,3.0,801,65.0,405,36.0
1201,1201,university of babylon,Iraq,Asia,L,FC,HI,Public,8.0,701,26.0,524,20.0,801,4.0,801,1.0,801,1.0,801,1.0,801,37.0,801,6.0,801,30.0,801,0.0
741,801,university of baghdad,Iraq,Asia,XL,FC,VH,Public,18.0,675,41.0,330,31.0,614,3.0,801,3.0,801,1.0,801,1.0,801,69.0,545,86.0,134,43.0,801,0.0
951,951,university of bahrain,Bahrain,Asia,L,CO,HI,Public,14.0,701,15.0,701,8.0,801,5.0,801,94.0,191,11.0,801,14.0,801,39.0,801,56.0,299,29.0,801,0.0
1001,0,university of balamand,Lebanon,Asia,M,CO,HI,Private not for Profit,8.0,701,21.0,622,50.0,386,4.0,801,21.0,704,27.0,633,31.0,599,14.0,801,4.0,801,34.0,801,0.0
160,165,university of barcelona,Spain,Europe,XL,FC,VH,Public,85.0,81,49.0,262,19.0,801,48.0,391,40.0,501,41.0,484,46.0,451,96.0,50,77.0,170,85.0,115,61.0
801,801,university of bari,Italy,Europe,XL,FO,VH,Public,17.0,701,5.0,701,7.0,801,43.0,437,7.0,801,4.0,801,9.0,801,81.0,338,12.0,801,56.0,573,0.0
158,131,university of basel,Switzerland,Europe,M,FC,VH,Public,34.0,357,21.0,639,70.0,229,94.0,80,100.0,47,91.0,156,68.0,284,90.0,170,75.0,183,88.0,74,61.0
1201,1201,university of basrah,Iraq,Asia,XL,FC,HI,Public,9.0,701,27.0,514,19.0,801,2.0,801,0.0,0,1.0,801,1.0,801,35.0,801,14.0,801,20.0,801,0.0
132,150,university of bath,United Kingdom,Europe,L,CO,VH,Public,49.0,233,82.0,100,21.0,801,76.0,173,96.0,170,87.0,187,88.0,156,85.0,250,51.0,337,84.0,127,64.0
761,731,university of belgrade,Serbia,Europe,XL,FC,VH,Public,24.0,536,14.0,701,7.0,801,10.0,801,4.0,801,7.0,801,6.0,801,95.0,91,98.0,36,52.0,661,0.0
287,291,university of bergen,Norway,Europe,L,FC,VH,Public,41.0,297,14.0,701,67.0,254,43.0,446,97.0,150,38.0,516,44.0,477,91.0,159,70.0,217,65.0,397,47.0
184,161,university of bern,Switzerland,Europe,M,FC,VH,Public,38.0,313,26.0,520,49.0,394,99.0,32,100.0,58,53.0,389,57.0,356,96.0,69,37.0,466,69.0,331,58.0
76,80,university of birmingham,United Kingdom,Europe,XL,FC,VH,Public,81.0,95,76.0,122,50.0,385,56.0,316,97.0,154,93.0,139,94.0,115,96.0,54,55.0,305,93.0,38,74.0
511,531,university of bradford,United Kingdom,Europe,M,CO,VH,Public,14.0,701,11.0,701,9.0,801,40.0,465,75.0,316,99.0,66,99.0,56,71.0,519,42.0,421,70.0,311,32.0
680,801,university of brawijaya,Indonesia,Asia,XL,FC,HI,Public,30.0,404,55.0,218,20.0,801,2.0,801,36.0,531,3.0,801,7.0,801,27.0,801,29.0,567,53.0,636,26.0
650,691,university of brescia,Italy,Europe,M,FO,VH,Public,7.0,701,4.0,701,9.0,801,85.0,124,2.0,801,9.0,801,14.0,801,59.0,710,12.0,801,64.0,425,27.0
801,801,university of brighton,United Kingdom,Europe,L,FO,VH,Public,10.0,701,10.0,701,12.0,801,25.0,642,65.0,359,68.0,289,71.0,260,73.0,486,12.0,801,39.0,801,0.0
51,54,university of bristol,United Kingdom,Europe,XL,FC,VH,Public,87.0,73,89.0,75,37.0,546,83.0,135,91.0,219,96.0,118,96.0,100,95.0,74,63.0,248,97.0,12,83.0
40,38,university of british columbia,Canada,Americas,XL,FC,VH,Public,100.0,23,97.0,41,35.0,568,71.0,210,99.0,135,80.0,222,82.0,191,97.0,48,85.0,135,99.0,5,86.0
761,801,university of bucharest,Romania,Europe,XL,CO,VH,Public,21.0,590,36.0,400,9.0,801,8.0,801,4.0,801,5.0,801,10.0,801,72.0,495,68.0,226,61.0,491,0.0
771,751,university of calcutta,India,Asia,L,CO,VH,Public,20.0,628,11.0,701,8.0,801,34.0,538,31.0,574,1.0,801,6.0,801,57.0,735,62.0,253,34.0,801,0.0
211,198,university of calgary,Canada,Americas,XL,FC,VH,Public,48.0,245,51.0,249,24.0,746,55.0,332,87.0,239,77.0,243,79.0,216,86.0,233,62.0,255,86.0,100,55.0
6,5,university of cambridge,United Kingdom,Europe,L,FC,VH,Public,100.0,3,100.0,5,100.0,23,89.0,107,100.0,80,93.0,144,94.0,120,99.0,12,100.0,5,78.0,194,97.0
494,403,university of canberra,Australia,Oceania,M,CO,VH,Public,18.0,670,12.0,701,3.0,801,51.0,370,83.0,274,83.0,205,85.0,173,67.0,593,11.0,801,73.0,271,33.0
261,261,university of canterbury,New Zealand,Oceania,L,CO,VH,Public,49.0,235,35.0,417,12.0,801,48.0,387,100.0,73,48.0,420,53.0,389,61.0,681,87.0,123,88.0,78,49.0
150,171,university of cape town,South Africa,Africa,L,FC,VH,Public,58.0,183,62.0,179,15.0,801,75.0,176,66.0,353,28.0,615,34.0,562,98.0,24,98.0,49,92.0,45,62.0
701,741,university of central florida,United States of America,Americas,XL,FC,VH,Public,19.0,659,37.0,384,4.0,801,33.0,553,13.0,801,8.0,801,6.0,801,74.0,475,17.0,775,46.0,801,0.0
1001,951,university of central lancashire,United Kingdom,Europe,L,CO,HI,Public,7.0,701,9.0,701,12.0,801,7.0,801,43.0,476,78.0,234,81.0,203,57.0,739,3.0,801,36.0,801,0.0
13,21,university of chicago,United States of America,Americas,L,FC,VH,Private not for Profit,100.0,17,99.0,21,97.0,62,78.0,164,86.0,254,93.0,148,69.0,275,88.0,207,100.0,16,73.0,269,93.0
362,0,university of chinese academy of sciences (ucas),China (Mainland),Asia,XL,FC,VH,Public,31.0,396,12.0,701,100.0,11,75.0,179,0.0,0,4.0,801,3.0,801,94.0,108,16.0,801,0.0,0,41.0
721,761,university of cincinnati,United States of America,Americas,XL,FC,VH,Public,15.0,701,12.0,701,25.0,738,32.0,564,6.0,801,24.0,680,18.0,801,67.0,589,48.0,362,63.0,436,0.0
347,355,university of coimbra,Portugal,Europe,L,FC,VH,Public,39.0,307,25.0,542,15.0,801,61.0,279,13.0,801,33.0,554,39.0,506,92.0,142,48.0,368,76.0,226,42.0
1001,951,university of colombo,Sri Lanka,Asia,L,CO,HI,Public,15.0,701,21.0,626,3.0,801,6.0,801,1.0,801,2.0,801,6.0,801,21.0,801,76.0,176,61.0,477,0.0
299,320,university of colorado boulder,United States of America,Americas,XL,CO,VH,Public,49.0,232,37.0,386,52.0,359,36.0,516,39.0,510,9.0,801,14.0,801,86.0,242,49.0,354,90.0,61,46.0
534,565,university of connecticut,United States of America,Americas,L,FC,VH,Public,21.0,597,15.0,701,28.0,679,34.0,543,55.0,415,35.0,543,41.0,500,85.0,253,40.0,437,63.0,433,31.0
101,100,university of copenhagen,Denmark,Europe,XL,FC,VH,Public,86.0,79,42.0,324,100.0,34,37.0,512,87.0,241,27.0,640,20.0,765,98.0,22,94.0,77,76.0,221,68.0
628,601,university of crete,Greece,Europe,L,FC,HI,Public,19.0,639,18.0,701,4.0,801,70.0,219,3.0,801,7.0,801,12.0,801,62.0,664,5.0,801,41.0,801,27.0
951,0,university of cyberjaya,Malaysia,Asia,S,FO,HI,,23.0,557,6.0,701,49.0,398,2.0,801,23.0,671,87.0,184,86.0,166,7.0,801,5.0,801,0.0,0,0.0
452,389,university of cyprus,Cyprus,Asia,M,CO,VH,Public,15.0,701,11.0,701,10.0,801,62.0,270,94.0,187,42.0,471,46.0,452,70.0,534,55.0,306,53.0,650,34.0
1401,0,university of da nang,Viet Nam,Asia,XL,CO,HI,Public,8.0,701,12.0,701,4.0,801,4.0,801,4.0,801,2.0,801,7.0,801,44.0,801,7.0,801,28.0,801,0.0
563,574,university of debrecen,Hungary,Europe,L,FC,HI,Public,27.0,458,22.0,613,46.0,426,7.0,801,14.0,801,77.0,248,79.0,220,75.0,444,26.0,625,70.0,311,29.0
553,506,university of delaware,United States of America,Americas,L,CO,VH,Public,13.0,701,9.0,701,10.0,801,64.0,255,48.0,447,23.0,695,29.0,632,69.0,559,29.0,581,73.0,275,30.0
328,328,university of delhi,India,Asia,L,FO,VH,Public,47.0,248,42.0,319,7.0,801,47.0,403,2.0,801,3.0,801,8.0,801,83.0,294,99.0,30,71.0,297,43.0
1001,951,university of denver,United States of America,Americas,M,CO,VH,Private not for Profit,8.0,701,12.0,701,44.0,458,13.0,801,6.0,801,14.0,801,20.0,760,32.0,801,38.0,465,50.0,715,0.0
1201,1001,university of derby,United Kingdom,Europe,L,CO,HI,Public,5.0,701,8.0,701,12.0,801,11.0,801,41.0,492,50.0,409,55.0,375,43.0,801,2.0,801,34.0,801,0.0
1001,1001,university of deusto,Spain,Europe,M,FO,VH,,9.0,701,30.0,477,7.0,801,14.0,801,9.0,801,30.0,592,36.0,539,29.0,801,52.0,324,32.0,801,0.0
584,554,university of dhaka,Bangladesh,Asia,XL,FC,HI,Public,31.0,401,51.0,242,11.0,801,7.0,801,2.0,801,1.0,801,1.0,801,58.0,720,97.0,59,54.0,619,29.0
851,851,university of dubai,United Arab Emirates,Asia,S,SP,MD,Private not for Profit,6.0,701,12.0,701,13.0,801,24.0,652,100.0,6,89.0,180,82.0,188,14.0,801,11.0,801,19.0,801,0.0
428,418,university of dundee,United Kingdom,Europe,M,FC,VH,Public,26.0,497,21.0,618,45.0,438,21.0,704,92.0,209,84.0,198,86.0,169,79.0,374,14.0,801,79.0,190,36.0
381,332,university of east anglia (uea),United Kingdom,Europe,L,FC,VH,Public,25.0,514,15.0,701,24.0,753,56.0,324,82.0,278,49.0,413,54.0,380,87.0,224,32.0,528,91.0,54,39.0
1001,901,university of east london,United Kingdom,Europe,L,FO,HI,Public,4.0,701,7.0,701,3.0,801,10.0,801,83.0,268,100.0,46,100.0,35,35.0,801,14.0,801,30.0,801,0.0
604,535,university of eastern finland,Finland,Europe,L,CO,VH,Public,19.0,649,10.0,701,45.0,435,35.0,520,39.0,507,12.0,801,18.0,797,84.0,275,6.0,801,71.0,297,28.0
34,27,university of edinburgh,United Kingdom,Europe,XL,FC,VH,Public,100.0,24,98.0,33,77.0,179,54.0,338,100.0,105,100.0,42,100.0,31,100.0,5,70.0,213,98.0,7,87.0
519,451,university of electronic science and technology of china,China (Mainland),Asia,XL,FO,VH,Public,6.0,701,16.0,701,11.0,801,100.0,17,4.0,801,4.0,801,4.0,801,83.0,289,12.0,801,38.0,801,31.0
801,751,university of engineering & technology (uet) lahore,Pakistan,Asia,L,SP,VH,Public,11.0,701,49.0,260,20.0,801,15.0,801,0.0,0,2.0,801,7.0,801,57.0,746,54.0,310,41.0,801,0.0
456,472,university of essex,United Kingdom,Europe,L,CO,VH,Public,24.0,535,10.0,701,17.0,801,35.0,525,100.0,102,99.0,64,99.0,53,77.0,404,25.0,645,55.0,610,34.0
155,169,university of exeter,United Kingdom,Europe,L,FC,VH,Public,58.0,186,59.0,198,42.0,480,56.0,320,95.0,181,78.0,235,80.0,206,96.0,66,41.0,428,94.0,32,62.0
404,375,university of florence,Italy,Europe,XL,FC,VH,Public,45.0,262,17.0,701,7.0,801,50.0,376,11.0,801,21.0,713,27.0,655,86.0,234,37.0,468,73.0,275,37.0
212,215,university of florida,United States of America,Americas,XL,FC,VH,Public,59.0,179,56.0,215,75.0,194,35.0,526,31.0,570,18.0,762,24.0,701,98.0,20,68.0,225,75.0,237,55.0
642,539,university of fribourg,Switzerland,Europe,M,CO,VH,Public,14.0,701,6.0,701,14.0,801,27.0,615,100.0,98,53.0,392,51.0,405,60.0,687,50.0,349,67.0,367,27.0
284,273,university of galway / ollscoil na gaillimhe,Ireland,Europe,L,FC,VH,Public,37.0,321,40.0,339,69.0,241,24.0,655,97.0,155,63.0,321,66.0,294,73.0,488,61.0,260,83.0,141,47.0
851,851,university of gdansk,Poland,Europe,L,CO,VH,Public,17.0,701,13.0,701,41.0,488,7.0,801,5.0,801,5.0,801,10.0,801,74.0,469,24.0,662,71.0,300,0.0
155,155,university of geneva,Switzerland,Europe,L,FC,VH,Public,55.0,201,35.0,414,47.0,414,70.0,214,100.0,54,99.0,81,99.0,68,92.0,144,63.0,249,67.0,370,62.0
530,547,university of genoa,Italy,Europe,L,FC,VH,Public,28.0,451,11.0,701,20.0,801,53.0,358,9.0,801,18.0,773,24.0,711,83.0,291,17.0,795,62.0,452,31.0
851,851,university of ghana,Ghana,Africa,XL,FC,HI,Public,18.0,687,12.0,701,2.0,801,11.0,801,8.0,801,2.0,801,2.0,801,81.0,337,97.0,63,53.0,651,0.0
79,78,university of glasgow,United Kingdom,Europe,XL,FC,VH,Public,88.0,72,74.0,132,50.0,377,45.0,416,98.0,140,99.0,67,99.0,57,97.0,38,45.0,395,95.0,19,73.0
202,194,university of gothenburg,Sweden,Europe,L,FC,VH,Public,46.0,252,25.0,546,73.0,211,45.0,408,94.0,190,86.0,191,87.0,161,94.0,104,71.0,205,93.0,36,56.0
401,431,university of granada,Spain,Europe,XL,FC,VH,Public,59.0,178,24.0,554,11.0,801,26.0,622,10.0,801,32.0,572,38.0,522,96.0,51,13.0,801,58.0,536,37.0
801,691,university of greenwich,United Kingdom,Europe,L,CO,HI,Public,6.0,701,7.0,701,5.0,801,15.0,801,94.0,193,100.0,54,100.0,43,76.0,421,20.0,731,45.0,801,0.0
147,159,university of groningen,Netherlands,Europe,XL,FC,VH,Public,67.0,147,42.0,326,56.0,331,53.0,353,95.0,174,89.0,173,67.0,293,93.0,118,54.0,317,68.0,355,63.0
504,456,university of guelph,Canada,Americas,L,CO,VH,Public,20.0,621,19.0,680,8.0,801,55.0,327,50.0,443,24.0,672,30.0,613,75.0,446,18.0,755,81.0,161,32.0
951,901,university of ha'il,Saudi Arabia,Asia,L,FC,HI,Public,9.0,701,4.0,701,41.0,492,5.0,801,100.0,46,5.0,801,10.0,801,62.0,660,3.0,801,46.0,801,0.0
678,671,university of haifa,Israel,Asia,L,CO,VH,Public,17.0,701,13.0,701,16.0,801,45.0,417,18.0,751,7.0,801,5.0,801,70.0,539,30.0,554,67.0,360,26.0
1401,0,university of hawaii at hilo,United States of America,Americas,S,CO,HI,,3.0,701,4.0,701,32.0,598,14.0,801,3.0,801,8.0,801,6.0,801,17.0,801,6.0,801,20.0,801,0.0
546,488,university of hawaii at mañoa,United States of America,Americas,L,FC,VH,Public,21.0,583,11.0,701,32.0,594,52.0,366,25.0,650,11.0,801,17.0,801,85.0,264,13.0,801,61.0,486,30.0
116,117,university of helsinki,Finland,Europe,L,CO,VH,Public,75.0,114,38.0,370,67.0,256,63.0,262,79.0,305,13.0,801,19.0,779,96.0,57,94.0,80,96.0,18,66.0
901,851,university of hertfordshire,United Kingdom,Europe,L,CO,HI,Public,6.0,701,7.0,701,7.0,801,12.0,801,81.0,285,100.0,12,100.0,7,58.0,723,17.0,780,39.0,801,0.0
556,651,university of houston,United States of America,Americas,XL,CO,VH,Public,19.0,656,25.0,541,8.0,801,30.0,585,48.0,448,44.0,459,33.0,579,74.0,465,67.0,230,57.0,558,30.0
1001,1001,university of hradec kralove,Czechia,Europe,M,FO,VH,Public,6.0,701,7.0,701,25.0,739,13.0,801,60.0,388,6.0,801,11.0,801,49.0,801,5.0,801,23.0,801,0.0
524,501,university of huddersfield,United Kingdom,Europe,L,CO,VH,Public,18.0,683,19.0,684,9.0,801,36.0,515,80.0,298,92.0,154,92.0,131,75.0,450,2.0,801,69.0,329,31.0
526,516,university of hull,United Kingdom,Europe,L,FC,HI,Public,13.0,701,14.0,701,16.0,801,37.0,505,68.0,342,96.0,121,96.0,103,70.0,526,30.0,556,75.0,228,31.0
801,801,university of hyderabad,India,Asia,M,FC,VH,Public,18.0,692,5.0,701,21.0,801,55.0,335,0.0,0,3.0,801,7.0,801,34.0,801,3.0,801,42.0,801,0.0
1001,1001,university of ibadan,Nigeria,Africa,XL,CO,VH,,12.0,701,17.0,701,6.0,801,7.0,801,0.0,0,0.0,0,0.0,0,65.0,624,76.0,175,42.0,801,0.0
582,547,university of iceland,Iceland,Europe,M,CO,VH,,10.0,701,2.0,701,100.0,35,18.0,751,32.0,557,18.0,761,24.0,700,76.0,432,89.0,110,49.0,719,29.0
1001,1001,university of idaho,United States of America,Americas,M,CO,VH,Public,4.0,701,2.0,701,15.0,801,37.0,504,9.0,801,12.0,801,9.0,801,32.0,801,8.0,801,42.0,801,0.0
70,69,university of illinois at urbana-champaign,United States of America,Americas,XL,FC,VH,Public,92.0,62,92.0,66,9.0,801,82.0,147,14.0,801,70.0,277,52.0,395,91.0,152,93.0,86,76.0,223,76.0
334,365,university of illinois chicago (uic),United States of America,Americas,L,FC,VH,Public,49.0,234,40.0,337,33.0,587,39.0,482,11.0,801,28.0,611,21.0,744,82.0,304,36.0,475,67.0,363,42.0
1201,1201,university of international business and economics,China (Mainland),Asia,L,SP,VH,Public,3.0,701,5.0,701,17.0,801,8.0,801,9.0,801,43.0,465,32.0,586,8.0,801,21.0,704,30.0,801,0.0
1001,1001,university of ioannina,Greece,Europe,XL,FC,HI,,9.0,701,6.0,701,2.0,801,32.0,562,2.0,801,8.0,801,12.0,801,56.0,757,4.0,801,37.0,801,0.0
530,596,university of iowa,United States of America,Americas,L,FC,VH,Public,26.0,498,16.0,701,50.0,383,27.0,614,40.0,496,9.0,801,14.0,801,69.0,555,47.0,373,61.0,480,31.0
1001,0,university of isfahan,Iran (Islamic Republic of),Asia,L,CO,VH,Public,8.0,701,11.0,701,5.0,801,31.0,579,0.0,0,3.0,801,2.0,801,53.0,798,5.0,801,28.0,801,0.0
308,312,university of johannesburg,South Africa,Africa,L,CO,VH,Public,26.0,496,26.0,523,47.0,424,45.0,410,99.0,136,60.0,342,64.0,310,99.0,14,70.0,215,75.0,241,45.0
324,368,university of jordan,Jordan,Asia,XL,FC,HI,Public,48.0,239,60.0,194,29.0,656,7.0,801,34.0,545,65.0,309,68.0,285,69.0,543,90.0,105,64.0,420,43.0
498,489,university of jyväskylä,Finland,Europe,M,FO,VH,Public,23.0,539,14.0,701,88.0,112,21.0,702,51.0,435,6.0,801,12.0,801,84.0,269,14.0,801,71.0,308,32.0
465,452,university of kansas,United States of America,Americas,L,FC,VH,Public,18.0,697,23.0,582,92.0,97,14.0,801,79.0,301,13.0,801,19.0,786,88.0,210,43.0,409,62.0,454,34.0
1001,1001,university of karachi,Pakistan,Asia,XL,CO,HI,Public,15.0,701,19.0,676,2.0,801,10.0,801,5.0,801,1.0,801,1.0,801,48.0,801,51.0,332,31.0,801,0.0
397,380,university of kent,United Kingdom,Europe,L,CO,VH,Public,20.0,607,14.0,701,16.0,801,58.0,297,96.0,163,49.0,414,54.0,381,88.0,202,44.0,404,66.0,387,38.0
781,791,university of kentucky,United States of America,Americas,L,FC,VH,Public,15.0,701,15.0,701,19.0,801,32.0,561,18.0,739,6.0,801,5.0,801,77.0,401,24.0,651,60.0,509,0.0
1201,0,university of kerbala,Iraq,Asia,L,FC,HI,Public,13.0,701,15.0,701,35.0,560,2.0,801,2.0,801,2.0,801,2.0,801,14.0,801,6.0,801,21.0,801,0.0
1201,1001,university of khartoum,Sudan,Africa,L,FO,HI,Public,9.0,701,7.0,701,8.0,801,5.0,801,0.0,0,2.0,801,2.0,801,54.0,788,85.0,137,23.0,801,0.0
697,611,university of klagenfurt,Austria,Europe,S,CO,VH,Public,7.0,701,6.0,701,57.0,318,16.0,777,98.0,138,95.0,127,95.0,108,44.0,801,14.0,801,36.0,801,25.0
1201,1201,university of kufa,Iraq,Asia,XL,FC,HI,Public,7.0,701,33.0,433,32.0,607,2.0,801,0.0,0,1.0,801,1.0,801,26.0,801,6.0,801,16.0,801,0.0
558,587,university of kwazulu-natal,South Africa,Africa,XL,FC,VH,Public,18.0,682,14.0,701,7.0,801,45.0,420,29.0,591,2.0,801,7.0,801,96.0,62,79.0,163,63.0,441,30.0
1001,1001,university of lagos,Nigeria,Africa,XL,CO,HI,,9.0,701,17.0,701,3.0,801,5.0,801,0.0,0,0.0,0,0.0,0,46.0,801,90.0,103,37.0,801,0.0
951,951,university of lahore,Pakistan,Asia,L,CO,VH,Private not for Profit,18.0,685,23.0,574,14.0,801,9.0,801,8.0,801,6.0,801,10.0,801,76.0,415,3.0,801,62.0,454,0.0
801,781,university of latvia,Latvia,Europe,M,FC,VH,Public,15.0,701,23.0,581,10.0,801,10.0,801,16.0,775,10.0,801,16.0,801,67.0,595,92.0,89,56.0,579,0.0
212,224,university of lausanne,Switzerland,Europe,L,FO,VH,Public,37.0,322,40.0,340,49.0,393,69.0,223,100.0,97,67.0,296,50.0,415,84.0,286,61.0,264,70.0,313,55.0
86,82,university of leeds,United Kingdom,Europe,XL,FC,VH,Public,82.0,90,82.0,98,40.0,512,49.0,380,90.0,224,96.0,108,97.0,93,99.0,13,63.0,250,76.0,219,72.0
326,285,university of leicester,United Kingdom,Europe,L,FC,VH,Public,30.0,418,18.0,701,40.0,502,44.0,426,91.0,220,91.0,162,91.0,137,91.0,155,31.0,535,81.0,158,43.0
379,396,university of liege,Belgium,Europe,L,FC,VH,Public,24.0,523,17.0,701,11.0,801,63.0,259,62.0,375,66.0,303,69.0,277,95.0,78,33.0,517,80.0,175,40.0
401,421,university of limerick,Ireland,Europe,L,FC,HI,Public,28.0,453,37.0,390,24.0,758,35.0,527,93.0,198,48.0,417,53.0,385,72.0,506,15.0,801,76.0,223,37.0
801,851,university of lincoln,United Kingdom,Europe,L,CO,VH,Public,8.0,701,9.0,701,13.0,801,15.0,801,85.0,259,74.0,260,75.0,234,74.0,478,6.0,801,64.0,427,0.0
230,260,university of lisbon,Portugal,Europe,XL,FC,VH,Public,57.0,193,46.0,289,16.0,801,51.0,367,14.0,801,59.0,350,63.0,317,98.0,17,97.0,54,79.0,184,53.0
147,165,university of liverpool,United Kingdom,Europe,L,FC,VH,Public,61.0,171,49.0,264,37.0,538,62.0,276,92.0,206,91.0,157,92.0,133,97.0,39,48.0,364,92.0,42,63.0
535,596,university of ljubljana,Slovenia,Europe,XL,FC,VH,Public,30.0,414,19.0,689,46.0,431,11.0,801,7.0,801,18.0,760,14.0,801,86.0,241,98.0,41,54.0,619,31.0
1001,1001,university of louisville,United States of America,Americas,L,FC,HI,Public,4.0,701,4.0,701,44.0,454,13.0,801,22.0,691,6.0,801,11.0,801,60.0,700,10.0,801,40.0,801,0.0
381,355,university of luxembourg,Luxembourg,Europe,M,FO,VH,,13.0,701,8.0,701,87.0,118,40.0,479,100.0,19,100.0,33,100.0,21,68.0,566,59.0,277,42.0,801,39.0
285,245,university of macau,"Macao SAR, China",Asia,L,CO,VH,Public,19.0,660,18.0,701,12.0,801,100.0,21,100.0,25,100.0,30,100.0,44,55.0,770,57.0,294,52.0,658,47.0
1001,1001,university of malaysia sabah (ums),Malaysia,Asia,L,FC,HI,Public,22.0,565,16.0,701,15.0,801,6.0,801,24.0,663,12.0,801,15.0,801,33.0,801,5.0,801,48.0,757,0.0
741,751,university of malta,Malta,Europe,M,FC,VH,Public,9.0,701,7.0,701,48.0,408,10.0,801,33.0,551,42.0,472,48.0,436,77.0,409,98.0,40,38.0,801,0.0
643,661,university of manitoba,Canada,Americas,L,FC,VH,Public,19.0,643,20.0,657,32.0,604,23.0,675,0.0,0,68.0,287,72.0,257,70.0,532,40.0,442,56.0,582,27.0
901,901,university of maribor,Slovenia,Europe,L,FC,HI,Public,11.0,701,16.0,701,36.0,551,13.0,801,2.0,801,27.0,623,28.0,635,67.0,580,41.0,422,50.0,705,0.0
951,1001,university of massachusetts - boston,United States of America,Americas,L,FC,HI,Public,14.0,701,24.0,571,14.0,801,23.0,668,7.0,801,27.0,629,20.0,759,35.0,801,7.0,801,49.0,719,0.0
771,801,university of maynooth,Ireland,Europe,L,FO,VH,Public,17.0,701,13.0,701,14.0,801,21.0,699,91.0,216,32.0,566,38.0,514,45.0,801,16.0,801,52.0,656,0.0
1201,1201,university of memphis,United States of America,Americas,L,CO,VH,Public,4.0,701,4.0,701,19.0,801,14.0,801,3.0,801,19.0,737,15.0,801,42.0,801,15.0,801,35.0,801,0.0
741,751,university of messina,Italy,Europe,L,FC,VH,Public,13.0,701,3.0,701,19.0,801,56.0,323,1.0,801,18.0,767,24.0,706,79.0,375,2.0,801,62.0,467,0.0
314,324,university of miami,United States of America,Americas,L,FC,VH,Private not for Profit,25.0,521,40.0,338,58.0,312,48.0,386,88.0,238,25.0,660,31.0,598,85.0,251,60.0,274,65.0,407,44.0
45,44,university of michigan-ann arbor,United States of America,Americas,XL,FC,VH,Public,99.0,26,99.0,30,86.0,127,55.0,334,74.0,320,56.0,372,60.0,339,96.0,59,99.0,26,77.0,210,85.0
276,285,university of milan,Italy,Europe,XL,FC,VH,Public,66.0,152,27.0,507,10.0,801,57.0,313,11.0,801,13.0,801,19.0,772,85.0,252,63.0,246,76.0,219,48.0
542,513,university of milano-bicocca,Italy,Europe,L,FO,VH,Public,29.0,438,19.0,677,5.0,801,56.0,317,7.0,801,8.0,801,14.0,801,81.0,335,15.0,801,54.0,630,30.0
566,611,university of minho,Portugal,Europe,L,FC,VH,Public,22.0,564,17.0,701,28.0,676,39.0,485,21.0,694,26.0,645,32.0,589,84.0,284,16.0,801,68.0,353,29.0
210,203,university of minnesota (system),United States of America,Americas,XL,FC,VH,Public,69.0,138,49.0,257,37.0,540,49.0,378,7.0,801,15.0,801,22.0,741,91.0,153,67.0,231,91.0,54,55.0
1201,1201,university of miskolc,Hungary,Europe,M,FO,VH,Private not for Profit,9.0,701,10.0,701,20.0,801,5.0,801,3.0,801,6.0,801,5.0,801,25.0,801,16.0,801,28.0,801,0.0
1001,851,university of mississippi,United States of America,Americas,L,CO,VH,Public,5.0,701,3.0,701,78.0,177,12.0,801,5.0,801,5.0,801,10.0,801,48.0,801,9.0,801,36.0,801,0.0
1401,1201,university of missouri saint louis,United States of America,Americas,M,CO,HI,Public,5.0,701,7.0,701,20.0,801,13.0,801,6.0,801,8.0,801,6.0,801,10.0,801,13.0,801,22.0,801,0.0
801,721,university of modena and reggio emilia,Italy,Europe,L,FC,VH,Public,12.0,701,8.0,701,5.0,801,57.0,310,5.0,801,8.0,801,13.0,801,55.0,767,20.0,719,54.0,613,0.0
781,781,university of mons,Belgium,Europe,M,CO,VH,Public,7.0,701,8.0,701,5.0,801,53.0,349,41.0,491,47.0,432,51.0,409,44.0,801,7.0,801,54.0,613,0.0
168,159,university of montreal,Canada,Americas,XL,FC,VH,Public,66.0,151,44.0,303,80.0,171,26.0,621,92.0,214,66.0,301,70.0,271,89.0,195,65.0,239,90.0,65,60.0
1401,0,university of moratuwa,Sri Lanka,Asia,M,SP,VH,Public,6.0,701,8.0,701,5.0,801,16.0,791,0.0,0,1.0,801,1.0,801,13.0,801,13.0,801,25.0,801,0.0
1201,0,university of mosul,Iraq,Asia,XL,FC,HI,Public,7.0,701,13.0,701,23.0,764,2.0,801,1.0,801,1.0,801,6.0,801,30.0,801,29.0,577,26.0,801,0.0
664,711,university of mumbai,India,Asia,M,FC,VH,Public,11.0,701,32.0,454,5.0,801,54.0,348,3.0,801,4.0,801,9.0,801,28.0,801,91.0,95,41.0,801,26.0
1001,901,university of murcia,Spain,Europe,L,FC,VH,Public,15.0,701,5.0,701,25.0,735,15.0,801,0.0,0,7.0,801,12.0,801,78.0,385,5.0,801,64.0,413,0.0
350,367,university of münster,Germany,Europe,L,FC,VH,Public,42.0,280,42.0,327,80.0,170,16.0,793,36.0,532,8.0,801,14.0,801,83.0,302,45.0,387,75.0,247,42.0
1001,901,university of nairobi,Kenya,Africa,XL,FC,HI,Public,13.0,701,14.0,701,26.0,723,3.0,801,0.0,0,0.0,0,0.0,0,49.0,801,96.0,72,39.0,801,0.0
801,0,university of namur,Belgium,Europe,M,FO,VH,,6.0,701,9.0,701,6.0,801,44.0,421,37.0,521,59.0,345,63.0,316,48.0,801,10.0,801,53.0,632,0.0
379,347,university of naples - federico ii,Italy,Europe,XL,FC,VH,Public,48.0,241,33.0,438,7.0,801,60.0,292,3.0,801,1.0,801,1.0,801,95.0,86,13.0,801,58.0,550,40.0
262,249,university of navarra,Spain,Europe,L,FC,HI,Private not for Profit,41.0,290,78.0,111,51.0,375,25.0,631,27.0,629,84.0,200,85.0,171,58.0,714,81.0,156,66.0,376,49.0
711,701,university of nebraska - lincoln,United States of America,Americas,L,CO,VH,Public,14.0,701,12.0,701,24.0,756,38.0,495,27.0,622,12.0,801,18.0,794,80.0,359,18.0,771,64.0,427,0.0
1001,0,university of nevada - reno,United States of America,Americas,L,FC,HI,Public,6.0,701,7.0,701,24.0,748,24.0,648,23.0,672,4.0,801,3.0,801,63.0,652,14.0,801,48.0,757,0.0
622,681,university of new brunswick,Canada,Americas,M,CO,VH,Public,7.0,701,18.0,701,22.0,786,41.0,458,68.0,346,65.0,308,69.0,282,51.0,801,25.0,646,63.0,444,28.0
1001,1001,university of new england,Australia,Oceania,L,CO,VH,Public,13.0,701,10.0,701,8.0,801,16.0,785,6.0,801,6.0,801,10.0,801,67.0,582,16.0,801,51.0,684,0.0
1001,1001,university of new hampshire,United States of America,Americas,L,CO,VH,Public,6.0,701,9.0,701,18.0,801,25.0,644,12.0,801,5.0,801,4.0,801,32.0,801,13.0,801,47.0,785,0.0
751,791,university of new mexico,United States of America,Americas,L,FC,VH,Public,14.0,701,17.0,701,57.0,320,20.0,705,11.0,801,7.0,801,6.0,801,84.0,283,11.0,801,54.0,626,0.0
761,0,university of nizwa,Oman,Asia,S,CO,VH,Private not for Profit,11.0,701,13.0,701,48.0,412,13.0,801,100.0,32,26.0,642,27.0,653,26.0,801,74.0,190,19.0,801,0.0
1001,1001,university of north carolina at charlotte,United States of America,Americas,L,CO,VH,Public,7.0,701,7.0,701,8.0,801,20.0,718,16.0,795,14.0,801,20.0,767,66.0,598,15.0,801,44.0,801,0.0
1201,1201,university of north carolina at greensboro,United States of America,Americas,L,FO,VH,Public,4.0,701,5.0,701,12.0,801,15.0,801,10.0,801,4.0,801,3.0,801,50.0,801,5.0,801,33.0,801,0.0
901,1001,university of north texas,United States of America,Americas,XL,FC,HI,Public,10.0,701,10.0,701,3.0,801,31.0,583,6.0,801,52.0,399,38.0,513,69.0,546,29.0,560,41.0,801,0.0
294,316,university of notre dame,United States of America,Americas,L,CO,VH,Private not for Profit,38.0,315,44.0,306,71.0,220,37.0,511,29.0,596,33.0,562,29.0,627,75.0,435,75.0,181,73.0,281,46.0
1201,1001,university of novi sad,Serbia,Europe,XL,FC,HI,Public,13.0,701,7.0,701,11.0,801,7.0,801,0.0,0,0.0,0,0.0,0,82.0,312,31.0,538,31.0,801,0.0
664,701,university of oklahoma,United States of America,Americas,L,FC,VH,Public,14.0,701,19.0,695,20.0,801,42.0,455,28.0,611,10.0,801,8.0,801,72.0,494,35.0,488,61.0,497,26.0
1401,1401,university of oradea,Romania,Europe,L,FC,MD,Public,8.0,701,4.0,701,7.0,801,4.0,801,2.0,801,9.0,801,14.0,801,39.0,801,9.0,801,42.0,801,0.0
751,801,university of oregon,United States of America,Americas,L,CO,VH,Public,23.0,543,23.0,592,15.0,801,25.0,632,11.0,801,5.0,801,4.0,801,54.0,785,37.0,470,56.0,582,0.0
119,119,university of oslo,Norway,Europe,L,FC,VH,Public,68.0,143,28.0,498,78.0,176,68.0,232,96.0,167,46.0,439,34.0,560,97.0,43,87.0,129,72.0,286,66.0
1201,1201,university of ostrava,Czechia,Europe,M,FC,HI,Public,8.0,701,3.0,701,21.0,801,6.0,801,35.0,540,32.0,564,24.0,702,29.0,801,5.0,801,24.0,801,0.0
197,214,university of otago,New Zealand,Oceania,L,FC,VH,Public,60.0,176,36.0,399,15.0,801,63.0,258,100.0,53,40.0,496,45.0,464,77.0,413,69.0,222,88.0,78,56.0
219,189,university of ottawa,Canada,Americas,XL,FC,VH,Public,36.0,339,39.0,361,5.0,801,85.0,125,96.0,165,86.0,193,87.0,163,92.0,141,50.0,342,87.0,90,54.0
342,344,university of oulu,Finland,Europe,M,FC,VH,Public,23.0,546,22.0,607,30.0,640,75.0,181,81.0,289,20.0,733,26.0,672,88.0,203,31.0,541,75.0,232,42.0
4,3,university of oxford,United Kingdom,Europe,L,FC,VH,Public,100.0,2,100.0,4,100.0,9,91.0,98,99.0,132,99.0,80,99.0,67,100.0,1,100.0,3,78.0,198,98.0
233,236,university of padova,Italy,Europe,XL,FC,VH,Public,74.0,119,40.0,341,14.0,801,54.0,337,16.0,796,19.0,748,25.0,686,96.0,70,30.0,555,85.0,110,52.0
1201,1201,university of pannonia,Hungary,Europe,S,FO,VH,Public,6.0,701,7.0,701,33.0,584,15.0,801,6.0,801,7.0,801,6.0,801,56.0,760,5.0,801,23.0,801,0.0
1201,1201,university of pardubice,Czechia,Europe,M,CO,VH,Public,5.0,701,5.0,701,48.0,407,6.0,801,12.0,801,16.0,801,20.0,768,36.0,801,3.0,801,16.0,801,0.0
1001,951,university of parma,Italy,Europe,XL,FC,HI,Public,14.0,701,6.0,701,5.0,801,33.0,551,5.0,801,17.0,784,23.0,722,63.0,651,13.0,801,37.0,801,0.0
721,761,university of patras,Greece,Europe,L,FC,VH,Public,17.0,701,26.0,527,4.0,801,44.0,425,2.0,801,9.0,801,14.0,801,66.0,606,5.0,801,65.0,392,0.0
741,771,university of pecs,Hungary,Europe,L,FC,HI,Public,20.0,613,20.0,653,52.0,357,5.0,801,13.0,801,77.0,240,80.0,211,42.0,801,13.0,801,54.0,627,0.0
15,11,university of pennsylvania,United States of America,Americas,L,FC,VH,Private not for Profit,99.0,30,99.0,28,100.0,29,72.0,199,97.0,151,76.0,249,79.0,221,89.0,182,100.0,4,95.0,24,93.0
1201,1201,university of peradeniya,Sri Lanka,Asia,L,CO,HI,Public,10.0,701,14.0,701,14.0,801,4.0,801,0.0,0,2.0,801,6.0,801,40.0,801,18.0,765,51.0,693,0.0
901,901,university of peshawar,Pakistan,Asia,L,FO,VH,Public,9.0,701,12.0,701,87.0,119,12.0,801,0.0,0,2.0,801,2.0,801,49.0,801,19.0,742,26.0,801,0.0
1201,0,university of petra,Jordan,Asia,M,CO,HI,Private for Profit,9.0,701,8.0,701,10.0,801,6.0,801,26.0,635,47.0,429,44.0,472,10.0,801,6.0,801,35.0,801,0.0
901,801,university of petroleum and energy studies (upes),India,Asia,M,FO,VH,Private for Profit,23.0,542,8.0,701,47.0,423,10.0,801,24.0,666,1.0,801,6.0,801,67.0,597,2.0,801,27.0,801,0.0
343,382,university of pisa,Italy,Europe,L,FC,VH,Public,52.0,216,26.0,517,13.0,801,60.0,290,5.0,801,11.0,801,16.0,801,85.0,262,25.0,639,73.0,278,42.0
281,275,university of pittsburgh,United States of America,Americas,L,FC,VH,Public,45.0,258,26.0,516,98.0,57,42.0,453,10.0,801,23.0,688,29.0,625,90.0,171,60.0,272,60.0,501,47.0
613,661,university of plymouth,United Kingdom,Europe,L,FC,HI,Public,14.0,701,14.0,701,15.0,801,37.0,508,61.0,382,61.0,332,65.0,303,82.0,311,14.0,801,59.0,530,28.0
237,278,university of porto,Portugal,Europe,XL,FC,VH,Public,53.0,212,42.0,328,14.0,801,74.0,185,9.0,801,38.0,513,33.0,575,94.0,94,61.0,261,77.0,208,52.0
635,631,university of portsmouth,United Kingdom,Europe,L,CO,VH,Public,11.0,701,13.0,701,12.0,801,28.0,607,80.0,297,91.0,160,91.0,135,82.0,322,14.0,801,63.0,448,27.0
362,354,university of pretoria,South Africa,Africa,XL,FC,VH,Public,32.0,381,55.0,221,6.0,801,31.0,574,57.0,404,17.0,776,24.0,713,98.0,26,85.0,138,80.0,168,41.0
1201,1201,university of primorska,Slovenia,Europe,M,CO,HI,Public,4.0,701,6.0,701,12.0,801,8.0,801,32.0,567,39.0,506,37.0,523,45.0,801,13.0,801,22.0,801,0.0
1201,1201,university of rajshahi,Bangladesh,Asia,L,CO,HI,,13.0,701,13.0,701,6.0,801,6.0,801,1.0,801,1.0,801,6.0,801,24.0,801,4.0,801,39.0,801,0.0
194,172,university of reading,United Kingdom,Europe,L,CO,VH,Public,46.0,256,47.0,280,20.0,801,63.0,260,95.0,178,86.0,192,87.0,162,93.0,121,58.0,287,92.0,42,56.0
1001,951,university of regina,Canada,Americas,L,CO,HI,Public,5.0,701,3.0,701,6.0,801,34.0,532,4.0,801,51.0,400,55.0,376,49.0,801,6.0,801,64.0,417,0.0
1001,1001,university of rhode island,United States of America,Americas,L,CO,VH,Public,7.0,701,6.0,701,9.0,801,27.0,619,8.0,801,4.0,801,9.0,801,53.0,793,16.0,801,68.0,351,0.0
1201,1201,university of rijeka,Croatia,Europe,L,CO,VH,Public,7.0,701,8.0,701,17.0,801,9.0,801,3.0,801,6.0,801,10.0,801,50.0,801,15.0,801,42.0,801,0.0
236,236,university of rochester,United States of America,Americas,M,FC,VH,Private not for Profit,27.0,463,32.0,443,98.0,51,57.0,314,81.0,294,96.0,109,97.0,94,64.0,641,51.0,333,72.0,286,52.0
526,539,university of salamanca,Spain,Europe,L,FC,VH,Public,37.0,323,24.0,568,37.0,545,12.0,801,10.0,801,26.0,647,32.0,590,86.0,231,33.0,506,71.0,303,31.0
1001,1001,university of salento,Italy,Europe,L,CO,VH,Public,7.0,701,2.0,701,8.0,801,42.0,454,2.0,801,5.0,801,10.0,801,72.0,501,3.0,801,32.0,801,0.0
901,901,university of salford,United Kingdom,Europe,L,CO,HI,Public,11.0,701,8.0,701,9.0,801,12.0,801,56.0,408,88.0,182,89.0,153,62.0,670,14.0,801,43.0,801,0.0
1201,1201,university of san diego,United States of America,Americas,M,CO,HI,Private not for Profit,9.0,701,15.0,701,28.0,684,5.0,801,5.0,801,11.0,801,8.0,801,7.0,801,20.0,722,21.0,801,0.0
1201,1201,university of san francisco,United States of America,Americas,M,CO,HI,Private not for Profit,7.0,701,12.0,701,28.0,691,6.0,801,4.0,801,27.0,627,20.0,758,9.0,801,39.0,444,32.0,801,0.0
851,851,university of santo tomas,Philippines,Asia,XL,FC,MD,Private not for Profit,20.0,605,46.0,294,14.0,801,2.0,801,39.0,513,9.0,801,7.0,801,19.0,801,26.0,631,40.0,801,0.0
1201,1001,university of sarajevo,Bosnia and Herzegovina,Europe,L,CO,HI,Public,5.0,701,1.0,701,7.0,801,3.0,801,0.0,0,5.0,801,4.0,801,41.0,801,89.0,113,21.0,801,0.0
378,340,university of saskatchewan,Canada,Americas,L,FC,VH,Public,16.0,701,10.0,701,21.0,801,72.0,201,82.0,276,65.0,305,69.0,280,77.0,397,44.0,396,84.0,131,40.0
480,430,university of science and technology beijing,China (Mainland),Asia,L,CO,VH,Public,16.0,701,15.0,701,14.0,801,99.0,37,4.0,801,5.0,801,4.0,801,59.0,706,9.0,801,42.0,801,33.0
132,133,university of science and technology of china,China (Mainland),Asia,L,CO,VH,Public,58.0,188,51.0,248,98.0,56,99.0,30,15.0,801,8.0,801,14.0,801,74.0,457,43.0,410,55.0,596,64.0
851,1001,university of seoul,Republic of Korea,Asia,M,CO,VH,Public,18.0,695,16.0,701,49.0,390,17.0,773,6.0,801,12.0,801,16.0,801,38.0,801,7.0,801,49.0,743,0.0
328,434,university of sharjah,United Arab Emirates,Asia,L,CO,VH,Private not for Profit,29.0,440,35.0,411,9.0,801,52.0,362,100.0,15,100.0,40,100.0,28,85.0,259,19.0,740,59.0,525,43.0
607,691,university of siena,Italy,Europe,M,FC,VH,Public,21.0,580,8.0,701,15.0,801,60.0,288,5.0,801,20.0,734,26.0,673,61.0,675,12.0,801,63.0,433,28.0
1201,1201,university of silesia in katowice,Poland,Europe,L,CO,VH,Public,9.0,701,7.0,701,31.0,611,6.0,801,5.0,801,7.0,801,12.0,801,59.0,703,10.0,801,44.0,801,0.0
901,851,university of south africa,South Africa,Africa,XL,CO,VH,Public,14.0,701,14.0,701,1.0,801,12.0,801,0.0,0,13.0,801,10.0,801,93.0,138,96.0,66,43.0,801,0.0
1201,1201,university of south alabama (usa),United States of America,Americas,L,CO,HI,Public,6.0,701,11.0,701,23.0,772,13.0,801,0.0,0,3.0,801,2.0,801,14.0,801,3.0,801,29.0,801,0.0
1001,951,university of south bohemia,Czechia,Europe,M,CO,VH,Public,7.0,701,6.0,701,54.0,350,13.0,801,28.0,618,20.0,730,26.0,670,57.0,731,3.0,801,47.0,789,0.0
628,601,university of south carolina,United States of America,Americas,L,FC,VH,Public,18.0,693,22.0,605,14.0,801,37.0,502,55.0,414,6.0,801,10.0,801,68.0,568,28.0,593,69.0,331,27.0
654,621,university of south florida,United States of America,Americas,XL,CO,VH,Public,17.0,701,20.0,646,14.0,801,37.0,507,14.0,801,41.0,480,47.0,444,82.0,314,14.0,801,66.0,371,27.0
87,80,university of southampton,United Kingdom,Europe,L,FC,VH,Public,63.0,163,56.0,214,40.0,504,88.0,111,97.0,153,99.0,82,99.0,69,97.0,32,59.0,279,95.0,23,71.0
146,125,university of southern california,United States of America,Americas,XL,FC,VH,Private not for Profit,61.0,167,70.0,150,20.0,801,66.0,240,16.0,786,81.0,219,83.0,184,88.0,204,98.0,45,92.0,45,63.0
303,324,university of southern denmark,Denmark,Europe,L,CO,VH,Public,29.0,425,25.0,540,32.0,602,68.0,227,92.0,212,46.0,435,51.0,403,77.0,394,27.0,607,85.0,110,45.0
410,396,university of southern queensland,Australia,Oceania,M,CO,VH,Public,11.0,701,8.0,701,8.0,801,90.0,103,79.0,304,49.0,416,52.0,398,82.0,307,11.0,801,66.0,387,37.0
1201,1201,university of split,Croatia,Europe,L,FC,HI,Public,8.0,701,9.0,701,9.0,801,9.0,801,2.0,801,3.0,801,8.0,801,52.0,801,22.0,687,45.0,801,0.0
1401,1201,university of sri jayewardenepura,Sri Lanka,Asia,L,CO,HI,Public,8.0,701,12.0,701,6.0,801,7.0,801,0.0,0,1.0,801,6.0,801,28.0,801,23.0,674,27.0,801,0.0
113,104,university of st andrews,United Kingdom,Europe,M,FO,VH,Public,62.0,165,75.0,127,64.0,278,51.0,368,99.0,131,100.0,47,100.0,36,88.0,208,29.0,575,86.0,97,66.0
851,801,university of stavanger,Norway,Europe,M,CO,VH,,10.0,701,11.0,701,83.0,151,11.0,801,0.0,0,0.0,0,0.0,0,72.0,496,13.0,801,45.0,801,0.0
517,452,university of stirling,United Kingdom,Europe,M,CO,VH,Public,17.0,701,13.0,701,15.0,801,38.0,489,80.0,299,81.0,218,83.0,183,63.0,655,22.0,685,81.0,158,31.0
251,281,university of strathclyde,United Kingdom,Europe,L,CO,VH,Public,38.0,319,41.0,335,18.0,801,57.0,306,99.0,122,89.0,175,90.0,149,85.0,263,46.0,379,85.0,117,50.0
262,285,university of surrey,United Kingdom,Europe,L,CO,VH,Public,30.0,411,30.0,475,33.0,583,74.0,182,98.0,139,89.0,181,90.0,152,87.0,227,31.0,539,60.0,499,49.0
278,246,university of sussex,United Kingdom,Europe,L,FC,VH,Public,34.0,360,21.0,624,21.0,801,61.0,283,99.0,129,90.0,172,90.0,146,86.0,232,54.0,314,90.0,63,48.0
597,570,university of szeged,Hungary,Europe,L,FC,HI,Private not for Profit,26.0,484,23.0,583,42.0,482,9.0,801,15.0,801,56.0,368,61.0,336,75.0,438,29.0,574,69.0,323,28.0
578,552,university of tabriz,Iran (Islamic Republic of),Asia,L,CO,VH,Public,10.0,701,11.0,701,3.0,801,92.0,94,2.0,801,25.0,655,24.0,697,77.0,408,5.0,801,30.0,801,29.0
1001,1001,university of tabuk,Saudi Arabia,Asia,L,FC,HI,Public,9.0,701,4.0,701,27.0,693,7.0,801,94.0,197,6.0,801,10.0,801,43.0,801,3.0,801,35.0,801,0.0
362,358,university of tartu,Estonia,Europe,M,FC,VH,Public,29.0,437,24.0,567,95.0,79,19.0,728,62.0,374,21.0,712,27.0,654,89.0,186,89.0,112,64.0,417,41.0
314,293,university of tasmania,Australia,Oceania,M,CO,VH,Public,23.0,556,12.0,701,34.0,572,73.0,192,87.0,244,92.0,152,92.0,129,80.0,348,25.0,640,84.0,124,44.0
96,88,university of technology sydney,Australia,Oceania,L,CO,VH,Public,59.0,180,67.0,159,12.0,801,99.0,33,98.0,146,92.0,151,92.0,128,90.0,177,52.0,323,92.0,47,70.0
322,368,university of tehran,Iran (Islamic Republic of),Asia,XL,CO,VH,Public,31.0,394,42.0,322,4.0,801,91.0,97,3.0,801,3.0,801,3.0,801,87.0,223,58.0,284,46.0,801,43.0
607,481,university of tennessee,United States of America,Americas,XL,FC,VH,Public,14.0,701,12.0,701,13.0,801,69.0,220,7.0,801,5.0,801,10.0,801,69.0,557,25.0,636,55.0,606,28.0
1001,1001,university of texas arlington,United States of America,Americas,XL,CO,VH,Public,7.0,701,9.0,701,7.0,801,16.0,776,13.0,801,40.0,492,45.0,460,58.0,722,15.0,801,65.0,409,0.0
68,66,university of texas at austin,United States of America,Americas,XL,FC,VH,Public,98.0,39,97.0,38,11.0,801,85.0,122,9.0,801,19.0,742,14.0,801,91.0,169,94.0,82,71.0,308,76.0
597,596,university of texas at dallas,United States of America,Americas,L,FC,VH,Public,19.0,641,34.0,426,6.0,801,43.0,438,14.0,801,61.0,335,65.0,305,55.0,765,9.0,801,49.0,733,28.0
1001,1001,university of texas at san antonio,United States of America,Americas,L,FC,HI,Public,7.0,701,6.0,701,6.0,801,31.0,581,14.0,801,5.0,801,4.0,801,60.0,694,8.0,801,45.0,801,0.0
1201,1001,university of texas el paso,United States of America,Americas,L,CO,VH,Public,7.0,701,4.0,701,8.0,801,22.0,690,14.0,801,10.0,801,8.0,801,62.0,669,9.0,801,42.0,801,0.0
1001,0,university of the algarve,Portugal,Europe,M,CO,VH,,7.0,701,3.0,701,14.0,801,28.0,604,7.0,801,53.0,388,57.0,355,66.0,604,3.0,801,45.0,801,0.0
1001,1001,university of the free state,South Africa,Africa,L,FO,VH,Public,7.0,701,12.0,701,5.0,801,14.0,801,0.0,0,8.0,801,6.0,801,94.0,107,18.0,751,42.0,801,0.0
1401,1201,university of the pacific,United States of America,Americas,M,CO,HI,Private not for Profit,2.0,701,7.0,701,40.0,503,5.0,801,4.0,801,21.0,711,16.0,801,10.0,801,13.0,801,10.0,801,0.0
362,336,university of the philippines,Philippines,Asia,XL,FC,HI,Public,51.0,220,71.0,143,43.0,467,3.0,801,2.0,801,1.0,801,6.0,801,66.0,600,81.0,155,69.0,331,41.0
542,570,university of the punjab,Pakistan,Asia,XL,CO,VH,Public,23.0,559,58.0,203,6.0,801,24.0,649,4.0,801,2.0,801,6.0,801,72.0,504,89.0,109,44.0,801,30.0
951,951,university of the western cape,South Africa,Africa,L,CO,VH,Public,12.0,701,6.0,701,6.0,801,24.0,656,30.0,583,6.0,801,11.0,801,84.0,267,28.0,592,36.0,801,0.0
291,267,university of the witwatersrand,South Africa,Africa,L,FC,VH,Public,37.0,328,51.0,246,14.0,801,40.0,468,87.0,246,9.0,801,15.0,801,97.0,44,100.0,21,86.0,104,46.0
1001,1001,university of toledo,United States of America,Americas,L,FC,HI,Public,4.0,701,5.0,701,14.0,801,29.0,598,8.0,801,22.0,702,16.0,801,45.0,801,15.0,801,40.0,801,0.0
29,25,university of toronto,Canada,Americas,XL,FC,VH,Public,100.0,11,99.0,25,46.0,428,69.0,224,98.0,143,98.0,91,98.0,78,97.0,37,99.0,22,100.0,1,89.0
485,506,university of trento,Italy,Europe,L,CO,VH,Public,35.0,346,19.0,693,33.0,589,40.0,470,32.0,560,11.0,801,17.0,801,86.0,244,7.0,801,52.0,665,33.0
751,721,university of trieste,Italy,Europe,L,FC,VH,Public,16.0,701,8.0,701,6.0,801,54.0,345,12.0,801,17.0,783,23.0,721,71.0,514,19.0,746,36.0,801,0.0
1401,0,university of tripoli,Libya,Africa,XL,FC,MD,Public,7.0,701,13.0,701,9.0,801,1.0,801,1.0,801,3.0,801,8.0,801,31.0,801,29.0,582,11.0,801,0.0
350,377,university of tsukuba,Japan,Asia,L,FC,VH,Public,50.0,225,33.0,436,59.0,307,30.0,588,18.0,742,31.0,577,37.0,526,68.0,561,18.0,757,73.0,267,42.0
1001,1001,university of tulsa,United States of America,Americas,S,CO,VH,Private not for Profit,3.0,701,5.0,701,50.0,387,15.0,801,21.0,699,40.0,493,45.0,461,22.0,801,23.0,682,47.0,799,0.0
408,371,university of turin,Italy,Europe,XL,FC,VH,Public,48.0,237,14.0,701,5.0,801,43.0,447,5.0,801,10.0,801,16.0,801,90.0,175,61.0,257,79.0,188,37.0
366,375,university of turku,Finland,Europe,L,FC,VH,Public,36.0,334,20.0,651,63.0,279,40.0,476,46.0,462,9.0,801,15.0,801,89.0,184,46.0,378,74.0,250,41.0
203,233,university of twente,Netherlands,Europe,M,CO,VH,Public,29.0,422,41.0,333,56.0,333,77.0,169,100.0,93,95.0,124,71.0,264,85.0,248,33.0,519,80.0,179,55.0
1201,1201,university of tyumen,Russian Federation,Europe,M,CO,VH,Public,3.0,701,3.0,701,44.0,451,3.0,801,6.0,801,23.0,687,25.0,685,25.0,801,6.0,801,30.0,801,0.0
801,801,university of ulsan,Republic of Korea,Asia,L,FC,VH,Private not for Profit,6.0,701,4.0,701,60.0,300,50.0,374,3.0,801,4.0,801,8.0,801,29.0,801,6.0,801,44.0,801,0.0
609,559,university of ulster,United Kingdom,Europe,L,CO,VH,Public,13.0,701,20.0,664,11.0,801,19.0,731,100.0,94,90.0,166,91.0,141,72.0,508,10.0,801,76.0,227,28.0
540,531,university of utah,United States of America,Americas,XL,FC,VH,Public,22.0,570,13.0,701,54.0,349,38.0,488,21.0,695,18.0,759,24.0,699,75.0,455,28.0,588,60.0,509,31.0
1001,1001,university of vermont,United States of America,Americas,L,FC,HI,Public,4.0,701,7.0,701,40.0,509,23.0,669,9.0,801,4.0,801,9.0,801,66.0,607,22.0,690,52.0,663,0.0
358,349,university of victoria,Canada,Americas,L,CO,VH,Public,26.0,495,17.0,701,6.0,801,79.0,163,97.0,149,46.0,440,51.0,406,61.0,673,21.0,703,80.0,172,41.0
152,137,university of vienna,Austria,Europe,XL,FC,VH,Public,82.0,88,46.0,285,31.0,617,22.0,682,100.0,71,97.0,103,97.0,90,96.0,53,93.0,85,72.0,294,62.0
275,297,university of virginia,United States of America,Americas,L,FC,VH,Public,47.0,250,48.0,272,68.0,245,37.0,513,5.0,801,19.0,740,15.0,801,83.0,299,92.0,91,69.0,331,48.0
281,235,university of waikato,New Zealand,Oceania,M,CO,VH,Public,28.0,446,19.0,691,16.0,801,82.0,144,100.0,116,80.0,223,82.0,192,49.0,801,58.0,282,85.0,112,47.0
1001,1001,university of warmia and mazury in olsztyn,Poland,Europe,L,FC,HI,Public,11.0,701,15.0,701,42.0,478,8.0,801,3.0,801,5.0,801,9.0,801,43.0,801,4.0,801,44.0,801,0.0
271,258,university of warsaw,Poland,Europe,XL,CO,VH,Public,61.0,168,63.0,175,60.0,304,10.0,801,14.0,801,16.0,801,22.0,733,86.0,238,74.0,186,74.0,259,48.0
81,76,university of washington,United States of America,Americas,XL,FC,VH,Public,90.0,68,75.0,128,49.0,391,69.0,221,15.0,801,46.0,441,34.0,561,95.0,83,80.0,160,75.0,237,73.0
119,115,university of waterloo,Canada,Americas,XL,CO,VH,Public,53.0,209,74.0,130,9.0,801,88.0,108,82.0,283,77.0,247,79.0,219,84.0,285,72.0,201,91.0,60,66.0
1401,1201,university of west bohemia,Czechia,Europe,M,CO,VH,Public,7.0,701,5.0,701,13.0,801,8.0,801,0.0,0,6.0,801,5.0,801,41.0,801,16.0,801,20.0,801,0.0
801,741,university of westminster,United Kingdom,Europe,L,CO,HI,Public,12.0,701,11.0,701,7.0,801,9.0,801,85.0,257,99.0,65,99.0,54,38.0,801,34.0,498,40.0,801,0.0
546,547,university of windsor,Canada,Americas,L,CO,VH,Public,5.0,701,7.0,701,3.0,801,58.0,299,89.0,228,95.0,132,95.0,110,50.0,801,34.0,497,69.0,339,30.0
1201,1201,university of wisconsin milwaukee,United States of America,Americas,L,CO,VH,Public,9.0,701,4.0,701,14.0,801,15.0,801,12.0,801,12.0,801,9.0,801,37.0,801,16.0,801,46.0,801,0.0
110,116,university of wisconsin-madison,United States of America,Americas,XL,FC,VH,Public,86.0,78,63.0,172,84.0,141,28.0,606,58.0,400,37.0,527,43.0,488,89.0,192,91.0,96,73.0,281,67.0
184,167,university of wollongong,Australia,Oceania,L,FC,VH,Public,42.0,287,33.0,434,21.0,801,96.0,66,100.0,113,82.0,211,84.0,179,89.0,197,26.0,626,86.0,98,58.0
1001,1001,university of wolverhampton,United Kingdom,Europe,L,CO,HI,Public,3.0,701,4.0,701,14.0,801,15.0,801,41.0,493,79.0,228,81.0,198,56.0,756,6.0,801,31.0,801,0.0
801,851,university of wroclaw,Poland,Europe,L,CO,VH,Public,21.0,599,22.0,603,45.0,436,7.0,801,7.0,801,16.0,801,22.0,736,63.0,648,19.0,749,45.0,801,0.0
1001,1001,university of wyoming,United States of America,Americas,M,CO,VH,Public,4.0,701,2.0,701,39.0,515,30.0,592,13.0,801,8.0,801,14.0,801,52.0,801,11.0,801,43.0,801,0.0
169,184,university of york,United Kingdom,Europe,L,FC,VH,Public,57.0,197,42.0,317,56.0,335,54.0,344,92.0,208,75.0,253,78.0,223,96.0,58,41.0,427,93.0,34,59.0
701,651,university of zagreb,Croatia,Europe,XL,FC,VH,Public,23.0,545,13.0,701,27.0,700,8.0,801,2.0,801,5.0,801,10.0,801,92.0,145,98.0,34,61.0,486,0.0
1001,1001,university of zilina,Slovakia,Europe,M,FO,VH,Public,6.0,701,7.0,701,60.0,302,14.0,801,6.0,801,12.0,801,15.0,801,26.0,801,6.0,801,37.0,801,0.0
100,109,university of zurich (uzh),Switzerland,Europe,L,FO,VH,Public,71.0,132,44.0,308,95.0,72,52.0,361,100.0,82,58.0,357,43.0,482,94.0,114,91.0,97,70.0,318,69.0
1201,1201,university politehnica of bucharest,Romania,Europe,L,FO,VH,Public,6.0,701,21.0,630,5.0,801,15.0,801,2.0,801,5.0,801,4.0,801,61.0,672,9.0,801,23.0,801,0.0
1201,1001,university toulouse – jean jaurès,France,Europe,L,FO,VH,Public,13.0,701,5.0,701,2.0,801,9.0,801,34.0,544,31.0,580,23.0,717,64.0,635,2.0,801,30.0,801,0.0
1401,1201,università degli studi di bergamo,Italy,Europe,L,FO,VH,Public,7.0,701,4.0,701,3.0,801,12.0,801,6.0,801,12.0,801,18.0,790,39.0,801,6.0,801,31.0,801,0.0
355,393,università degli studi di roma - tor vergata,Italy,Europe,L,CO,VH,Public,41.0,294,25.0,534,15.0,801,66.0,246,20.0,716,59.0,348,63.0,315,72.0,505,9.0,801,70.0,313,41.0
1001,1001,università degli studi di udine,Italy,Europe,M,CO,VH,Public,10.0,701,5.0,701,15.0,801,24.0,657,6.0,801,8.0,801,14.0,801,52.0,801,2.0,801,43.0,801,0.0
901,901,università degli studi roma tre,Italy,Europe,XL,CO,VH,Public,25.0,515,15.0,701,3.0,801,16.0,796,9.0,801,8.0,801,6.0,801,67.0,594,11.0,801,56.0,576,0.0
951,901,università della calabria,Italy,Europe,M,CO,VH,Public,11.0,701,5.0,701,11.0,801,35.0,526,9.0,801,8.0,801,14.0,801,79.0,367,2.0,801,58.0,550,0.0
473,405,università della svizzera italiana,Switzerland,Europe,S,FO,VH,Public,9.0,701,9.0,701,70.0,227,43.0,434,100.0,33,100.0,10,100.0,5,43.0,801,2.0,801,48.0,751,34.0
461,389,università vita-salute san raffaele,Italy,Europe,S,SP,VH,Private not for Profit,5.0,701,3.0,701,89.0,108,100.0,28,6.0,801,11.0,801,16.0,801,36.0,801,4.0,801,26.0,801,34.0
409,442,università  cattolica del sacro cuore,Italy,Europe,L,FO,VH,Private not for Profit,33.0,370,43.0,311,29.0,663,40.0,466,17.0,764,14.0,801,20.0,763,72.0,492,43.0,411,62.0,458,37.0
801,851,università  degli studi di palermo,Italy,Europe,L,CO,VH,Public,18.0,688,5.0,701,7.0,801,45.0,415,3.0,801,4.0,801,9.0,801,84.0,274,6.0,801,44.0,801,0.0
423,440,università  degli studi di pavia,Italy,Europe,L,FC,VH,Public,29.0,420,13.0,701,14.0,801,72.0,196,8.0,801,25.0,669,31.0,607,80.0,346,20.0,718,75.0,237,36.0
448,527,universität bayreuth,Germany,Europe,M,CO,VH,Public,14.0,701,22.0,596,65.0,272,39.0,481,64.0,365,40.0,494,45.0,462,82.0,306,16.0,801,70.0,316,35.0
1001,1001,universität bielefeld,Germany,Europe,L,FO,VH,Public,20.0,620,8.0,701,16.0,801,9.0,801,26.0,636,16.0,794,12.0,801,69.0,548,5.0,801,44.0,801,0.0
530,592,universität bremen,Germany,Europe,L,CO,VH,Public,26.0,491,14.0,701,15.0,801,40.0,477,61.0,381,42.0,477,47.0,440,87.0,220,8.0,801,55.0,605,31.0
635,601,universität des saarlandes,Germany,Europe,L,FC,VH,Public,14.0,701,10.0,701,96.0,65,12.0,801,6.0,801,62.0,325,46.0,449,70.0,520,42.0,419,32.0,801,27.0
801,801,universität duisburg-essen,Germany,Europe,XL,FC,VH,Public,16.0,701,8.0,701,22.0,794,15.0,799,33.0,555,53.0,391,57.0,357,91.0,168,17.0,788,45.0,801,0.0
851,851,universität düsseldorf,Germany,Europe,L,FC,VH,Public,16.0,701,11.0,701,60.0,298,12.0,801,0.0,0,31.0,584,23.0,720,69.0,558,5.0,801,37.0,801,0.0
232,224,universität erlangen-nürnberg,Germany,Europe,L,FC,VH,Public,38.0,316,46.0,290,5.0,801,97.0,59,40.0,504,61.0,338,64.0,307,87.0,226,27.0,606,75.0,228,52.0
201,212,universität freiburg,Germany,Europe,L,FC,VH,Public,57.0,195,35.0,408,31.0,616,66.0,238,79.0,302,44.0,455,49.0,420,90.0,180,47.0,372,86.0,104,56.0
193,191,universität hamburg,Germany,Europe,L,FO,VH,Public,64.0,157,52.0,238,26.0,725,55.0,333,59.0,396,31.0,576,37.0,524,94.0,103,50.0,346,94.0,29,57.0
711,601,universität hohenheim,Germany,Europe,M,SP,VH,Public,9.0,701,11.0,701,20.0,801,45.0,409,32.0,565,38.0,512,29.0,631,74.0,464,8.0,801,55.0,604,0.0
350,309,universität innsbruck,Austria,Europe,L,FC,VH,Public,28.0,455,12.0,701,77.0,184,18.0,758,100.0,72,100.0,31,100.0,19,74.0,470,70.0,210,75.0,243,42.0
575,526,universität jena,Germany,Europe,L,FC,VH,Public,23.0,540,10.0,701,100.0,21,13.0,801,0.0,0,34.0,548,26.0,679,91.0,154,5.0,801,53.0,641,29.0
440,466,universität konstanz,Germany,Europe,M,CO,VH,Public,26.0,499,19.0,692,50.0,380,33.0,544,92.0,213,27.0,634,33.0,577,64.0,640,23.0,673,70.0,316,35.0
535,527,universität leipzig,Germany,Europe,L,FC,VH,Public,32.0,391,14.0,701,85.0,132,13.0,801,0.0,0,24.0,673,18.0,795,83.0,298,16.0,801,57.0,557,31.0
416,487,universität mannheim,Germany,Europe,M,FO,VH,Public,20.0,604,76.0,120,5.0,801,42.0,449,56.0,407,41.0,481,47.0,445,26.0,801,45.0,390,51.0,677,37.0
477,474,universität potsdam,Germany,Europe,L,FO,VH,Public,22.0,563,5.0,701,28.0,673,54.0,347,61.0,384,35.0,541,41.0,499,93.0,133,4.0,801,75.0,231,33.0
691,741,universität regensburg,Germany,Europe,L,FO,VH,Public,16.0,701,12.0,701,77.0,181,13.0,801,39.0,505,18.0,768,24.0,708,71.0,512,28.0,600,39.0,801,25.0
851,801,universität rostock,Germany,Europe,L,FC,HI,Public,10.0,701,5.0,701,93.0,90,10.0,801,0.0,0,21.0,705,16.0,801,77.0,398,7.0,801,40.0,801,0.0
1201,1001,universität siegen,Germany,Europe,L,CO,HI,Public,5.0,701,1.0,701,15.0,801,10.0,801,54.0,419,37.0,524,43.0,485,42.0,801,5.0,801,29.0,801,0.0
310,314,universität stuttgart,Germany,Europe,L,FO,VH,Public,33.0,364,46.0,291,11.0,801,64.0,253,45.0,468,61.0,337,65.0,306,70.0,537,36.0,480,74.0,253,45.0
546,554,universität ulm,Germany,Europe,M,FO,VH,Public,11.0,701,10.0,701,84.0,147,44.0,430,48.0,450,31.0,582,23.0,718,67.0,585,3.0,801,39.0,801,30.0
272,285,universität zu köln,Germany,Europe,L,FO,VH,Public,45.0,263,51.0,250,24.0,759,44.0,429,39.0,506,47.0,430,52.0,399,93.0,134,65.0,241,89.0,71,48.0
191,203,université catholique de louvain (ucl),Belgium,Europe,L,FC,VH,Private not for Profit,62.0,164,36.0,398,6.0,801,60.0,291,95.0,185,63.0,319,67.0,292,92.0,150,82.0,150,81.0,157,57.0
587,562,université claude bernard lyon 1,France,Europe,XL,FC,VH,Public,26.0,486,6.0,701,10.0,801,53.0,356,10.0,801,21.0,723,16.0,801,92.0,149,16.0,801,51.0,680,29.0
688,731,université côte d’azur,France,Europe,XL,FC,VH,Public,22.0,573,8.0,701,9.0,801,28.0,609,37.0,526,51.0,402,56.0,367,83.0,288,14.0,801,69.0,326,26.0
494,535,université de bordeaux,France,Europe,XL,FO,VH,Public,43.0,274,10.0,701,14.0,801,28.0,605,32.0,566,35.0,539,41.0,498,94.0,113,25.0,635,57.0,571,33.0
1001,0,université de bretagne occidentale (ubo),France,Europe,L,FO,VH,,6.0,701,5.0,701,32.0,600,25.0,634,0.0,0,0.0,0,0.0,0,83.0,297,4.0,801,47.0,783,0.0
1201,1001,université de caen normandie,France,Europe,L,FC,HI,Public,11.0,701,5.0,701,9.0,801,10.0,801,11.0,801,11.0,801,9.0,801,76.0,414,7.0,801,36.0,801,0.0
851,711,université de franche-comté,France,Europe,S,CO,VH,Public,8.0,701,4.0,701,100.0,8,19.0,740,0.0,0,0.0,0,0.0,0,77.0,395,4.0,801,32.0,801,0.0
654,721,université de lille,France,Europe,XL,FC,VH,Public,34.0,358,11.0,701,6.0,801,27.0,616,21.0,698,25.0,657,19.0,778,94.0,95,7.0,801,54.0,617,27.0
1201,1201,université de limoges,France,Europe,M,SP,VH,,9.0,701,6.0,701,22.0,783,9.0,801,0.0,0,0.0,0,0.0,0,56.0,750,4.0,801,30.0,801,0.0
751,801,université de lorraine,France,Europe,XL,FO,VH,Public,19.0,644,5.0,701,9.0,801,25.0,646,41.0,494,40.0,488,30.0,617,96.0,68,22.0,692,55.0,610,0.0
430,448,université de montpellier,France,Europe,XL,FO,VH,Public,27.0,471,5.0,701,12.0,801,72.0,195,29.0,594,43.0,468,48.0,433,99.0,10,19.0,745,55.0,596,36.0
1201,1001,université de poitiers,France,Europe,L,CO,VH,Public,11.0,701,1.0,701,8.0,801,9.0,801,0.0,0,39.0,505,29.0,626,75.0,448,14.0,801,39.0,801,0.0
711,721,université de rennes 1,France,Europe,L,FO,VH,Public,21.0,581,11.0,701,16.0,801,37.0,510,16.0,781,19.0,745,14.0,801,87.0,218,10.0,801,49.0,719,0.0
1001,1001,université de sfax,Tunisia,Africa,XL,CO,VH,Public,11.0,701,4.0,701,56.0,330,6.0,801,1.0,801,6.0,801,10.0,801,59.0,708,14.0,801,50.0,711,0.0
901,851,université de sherbrooke,Canada,Americas,L,FC,HI,Public,8.0,701,4.0,701,24.0,749,24.0,651,63.0,372,14.0,801,11.0,801,55.0,771,32.0,530,49.0,743,0.0
1201,1001,université de sousse,Tunisia,Africa,L,FC,HI,Public,6.0,701,4.0,701,52.0,365,3.0,801,1.0,801,4.0,801,8.0,801,37.0,801,9.0,801,44.0,801,0.0
420,456,université de strasbourg,France,Europe,XL,FC,VH,Public,50.0,224,16.0,701,7.0,801,32.0,570,42.0,484,45.0,445,34.0,564,91.0,166,30.0,552,47.0,780,36.0
1201,1001,université de tunis,Tunisia,Africa,L,FO,VH,Public,11.0,701,6.0,701,28.0,674,3.0,801,3.0,801,3.0,801,7.0,801,17.0,801,59.0,280,30.0,801,0.0
731,771,université de tunis el manar,Tunisia,Africa,L,FC,VH,Public,16.0,701,6.0,701,40.0,508,9.0,801,62.0,376,17.0,787,20.0,764,83.0,301,61.0,259,57.0,562,0.0
851,851,université du québec,Canada,Americas,XL,FC,HI,Public,21.0,600,15.0,701,3.0,801,17.0,767,40.0,497,19.0,744,14.0,801,65.0,616,31.0,531,52.0,669,0.0
321,334,université grenoble alpes,France,Europe,XL,FC,VH,Public,55.0,200,19.0,679,10.0,801,52.0,365,31.0,579,48.0,421,53.0,390,94.0,97,32.0,529,60.0,502,43.0
1201,0,université ibn tofail,Morocco,Africa,XL,CO,HI,Public,15.0,701,3.0,701,2.0,801,12.0,801,27.0,624,4.0,801,9.0,801,29.0,801,5.0,801,37.0,801,0.0
1201,1201,université jean moulin lyon 3,France,Europe,L,SP,VH,Public,11.0,701,11.0,701,2.0,801,4.0,801,27.0,626,44.0,456,49.0,421,12.0,801,6.0,801,25.0,801,0.0
227,230,université libre de bruxelles (ulb),Belgium,Europe,L,FC,VH,Public,43.0,271,47.0,281,5.0,801,60.0,287,99.0,124,90.0,171,90.0,145,91.0,162,75.0,184,65.0,393,53.0
1001,1001,université lumière lyon 2,France,Europe,L,SP,VH,Public,14.0,701,6.0,701,6.0,801,12.0,801,34.0,548,49.0,415,54.0,382,63.0,658,2.0,801,32.0,801,0.0
1201,1001,université mohammed v de rabat,Morocco,Africa,XL,CO,VH,Public,5.0,701,3.0,701,2.0,801,10.0,801,5.0,801,6.0,801,11.0,801,76.0,428,76.0,178,43.0,801,0.0
257,283,université paris 1 panthéon-sorbonne,France,Europe,XL,FO,VH,Public,78.0,103,62.0,180,7.0,801,5.0,801,39.0,508,61.0,333,65.0,304,71.0,513,84.0,139,62.0,460,50.0
1001,901,université paris 2 panthéon-assas,France,Europe,L,SP,VH,Public,9.0,701,8.0,701,63.0,280,1.0,801,16.0,785,39.0,510,44.0,473,6.0,801,64.0,242,17.0,801,0.0
300,302,université paris cité,France,Europe,XL,FO,VH,Public,38.0,317,14.0,701,11.0,801,93.0,91,25.0,653,61.0,336,46.0,455,100.0,6,23.0,676,56.0,582,46.0
1201,1001,université paris-nanterre,France,Europe,XL,FO,VH,Public,15.0,701,5.0,701,5.0,801,4.0,801,12.0,801,2.0,801,2.0,801,60.0,692,44.0,398,40.0,801,0.0
70,73,université paris-saclay,France,Europe,XL,CO,VH,Public,75.0,112,99.0,19,100.0,24,42.0,450,46.0,463,73.0,263,75.0,233,99.0,16,83.0,146,93.0,39,76.0
587,580,université paul sabatier toulouse iii,France,Europe,L,FO,VH,Public,25.0,519,4.0,701,46.0,432,36.0,514,7.0,801,33.0,557,25.0,687,98.0,21,9.0,801,50.0,696,29.0
1201,1001,université paul-valéry montpellier 3,France,Europe,L,FO,VH,Public,15.0,701,6.0,701,4.0,801,9.0,801,7.0,801,45.0,446,34.0,565,51.0,801,2.0,801,36.0,801,0.0
1001,951,université sorbonne paris nord,France,Europe,L,FO,VH,,14.0,701,8.0,701,6.0,801,38.0,496,0.0,0,0.0,0,0.0,0,57.0,729,7.0,801,34.0,801,0.0
93,103,uppsala university,Sweden,Europe,L,FC,VH,Public,75.0,113,48.0,268,66.0,260,56.0,318,100.0,106,83.0,207,85.0,174,96.0,60,83.0,145,94.0,26,70.0
519,516,ural federal university,Russian Federation,Europe,XL,CO,VH,Public,26.0,488,25.0,544,98.0,53,4.0,801,9.0,801,49.0,412,54.0,379,91.0,158,6.0,801,54.0,613,31.0
1001,1001,utah state university,United States of America,Americas,L,CO,VH,Public,7.0,701,4.0,701,9.0,801,33.0,554,1.0,801,3.0,801,2.0,801,67.0,584,11.0,801,48.0,751,0.0
103,105,utrecht university,Netherlands,Europe,XL,FC,VH,Public,79.0,100,49.0,258,40.0,514,78.0,165,63.0,367,31.0,586,23.0,723,98.0,23,73.0,194,75.0,235,68.0
721,741,uwe bristol (university of the west of england),United Kingdom,Europe,XL,CO,HI,Public,11.0,701,15.0,701,9.0,801,25.0,633,66.0,354,89.0,176,90.0,150,72.0,493,4.0,801,53.0,636,0.0
781,741,v.n. karazin kharkiv national university,Ukraine,Europe,L,FC,HI,Public,14.0,701,30.0,470,71.0,222,2.0,801,4.0,801,68.0,291,69.0,276,35.0,801,5.0,801,46.0,801,0.0
1001,0,van lang university,Viet Nam,Asia,L,FO,HI,Private for Profit,31.0,392,10.0,701,29.0,650,2.0,801,11.0,801,1.0,801,6.0,801,45.0,801,5.0,801,0.0,0,0.0
250,248,vanderbilt university,United States of America,Americas,L,FC,VH,Private not for Profit,32.0,382,42.0,323,100.0,10,51.0,372,48.0,446,51.0,404,56.0,370,78.0,383,58.0,288,62.0,460,50.0
851,771,verona university,Italy,Europe,L,FO,VH,Public,13.0,701,5.0,701,6.0,801,50.0,375,6.0,801,8.0,801,14.0,801,70.0,523,7.0,801,53.0,652,0.0
741,741,victoria university,Australia,Oceania,L,CO,HI,Public,9.0,701,10.0,701,3.0,801,49.0,381,24.0,667,75.0,256,77.0,225,49.0,801,10.0,801,59.0,514,0.0
240,244,victoria university of wellington,New Zealand,Oceania,L,CO,VH,Public,57.0,192,32.0,445,16.0,801,44.0,424,100.0,96,57.0,367,61.0,332,70.0,530,78.0,168,83.0,132,51.0
197,190,vienna university of technology,Austria,Europe,M,FO,VH,Public,48.0,246,56.0,211,19.0,801,71.0,207,92.0,211,96.0,114,71.0,258,72.0,502,29.0,569,59.0,520,56.0
801,901,vietnam national university - ho chi minh city (vnu-hcm),Viet Nam,Asia,XL,CO,VH,Public,29.0,426,45.0,300,7.0,801,4.0,801,7.0,801,1.0,801,6.0,801,47.0,801,34.0,495,45.0,801,0.0
851,851,vilnius gediminas technical university,Lithuania,Europe,M,SP,VH,Public,14.0,701,17.0,701,38.0,529,16.0,790,19.0,723,54.0,381,59.0,347,43.0,801,9.0,801,35.0,801,0.0
446,439,vilnius university,Lithuania,Europe,L,FC,HI,Public,27.0,467,28.0,496,73.0,210,6.0,801,28.0,601,29.0,609,35.0,557,80.0,351,91.0,93,70.0,313,35.0
901,851,virginia commonwealth university,United States of America,Americas,L,FC,VH,Public,10.0,701,10.0,701,43.0,464,20.0,712,13.0,801,6.0,801,12.0,801,69.0,550,18.0,753,48.0,746,0.0
358,389,virginia polytechnic institute (virginia tech),United States of America,Americas,XL,FC,VH,Public,35.0,352,39.0,347,26.0,710,39.0,484,82.0,282,28.0,616,34.0,563,86.0,236,41.0,426,68.0,346,41.0
1401,1201,voronezh state university,Russian Federation,Europe,L,CO,HI,Public,6.0,701,5.0,701,31.0,610,2.0,801,4.0,801,35.0,546,40.0,502,12.0,801,4.0,801,20.0,801,0.0
194,221,vrije universiteit amsterdam,Netherlands,Europe,L,FC,VH,Public,53.0,208,29.0,489,23.0,767,81.0,154,83.0,272,58.0,358,43.0,484,90.0,173,56.0,296,69.0,338,56.0
294,278,vrije universiteit brussel (vub),Belgium,Europe,L,FC,VH,Public,33.0,369,22.0,599,76.0,192,28.0,611,97.0,152,72.0,264,75.0,235,92.0,143,63.0,245,80.0,169,46.0
741,741,vytautas magnus university,Lithuania,Europe,M,FO,VH,Public,14.0,701,20.0,658,44.0,447,5.0,801,47.0,455,71.0,270,74.0,244,63.0,653,27.0,611,47.0,789,0.0
153,155,wageningen university & research,Netherlands,Europe,L,CO,VH,Public,55.0,203,34.0,420,100.0,37,55.0,329,72.0,329,91.0,159,92.0,134,97.0,34,33.0,516,91.0,53,62.0
791,741,wake forest university,United States of America,Americas,M,FC,VH,Private not for Profit,7.0,701,19.0,688,100.0,6,12.0,801,6.0,801,16.0,798,12.0,801,39.0,801,28.0,589,42.0,801,0.0
1401,0,walailak university,Thailand,Asia,L,FC,MD,Public,8.0,701,3.0,701,13.0,801,6.0,801,14.0,801,3.0,801,7.0,801,32.0,801,3.0,801,43.0,801,0.0
1001,1001,warsaw university of life sciences,Poland,Europe,L,FO,VH,Public,8.0,701,8.0,701,23.0,773,15.0,801,2.0,801,12.0,801,16.0,801,68.0,576,7.0,801,43.0,801,0.0
487,527,warsaw university of technology,Poland,Europe,L,FO,VH,Public,28.0,442,72.0,137,56.0,337,10.0,801,3.0,801,18.0,771,24.0,710,64.0,638,16.0,801,38.0,801,33.0
196,181,waseda university,Japan,Asia,XL,CO,VH,Private not for Profit,74.0,118,97.0,37,30.0,639,7.0,801,35.0,535,44.0,461,49.0,426,63.0,650,91.0,98,74.0,252,56.0
423,466,washington state university,United States of America,Americas,L,FC,VH,Public,29.0,434,40.0,345,23.0,771,43.0,444,51.0,438,9.0,801,15.0,801,78.0,386,16.0,801,79.0,192,36.0
167,171,washington university in st. louis,United States of America,Americas,L,FC,VH,Private not for Profit,47.0,251,26.0,529,100.0,31,63.0,263,93.0,199,82.0,214,84.0,182,75.0,445,55.0,301,86.0,102,60.0
781,791,wayne state university,United States of America,Americas,L,FC,VH,Public,9.0,701,7.0,701,70.0,228,18.0,752,18.0,747,11.0,801,8.0,801,70.0,536,34.0,499,67.0,363,0.0
1201,1201,west university of timisoara,Romania,Europe,L,CO,HI,Public,14.0,701,17.0,701,7.0,801,6.0,801,2.0,801,11.0,801,15.0,801,30.0,801,33.0,518,42.0,801,0.0
1001,1001,west virginia university,United States of America,Americas,L,FC,VH,Public,6.0,701,8.0,701,15.0,801,28.0,603,8.0,801,9.0,801,7.0,801,67.0,591,21.0,700,45.0,801,0.0
1201,1201,western michigan university,United States of America,Americas,L,FC,HI,Public,5.0,701,10.0,701,16.0,801,11.0,801,38.0,517,18.0,774,24.0,712,33.0,801,26.0,619,38.0,801,0.0
400,384,western sydney university,Australia,Oceania,XL,FC,VH,Public,26.0,480,23.0,593,7.0,801,45.0,419,100.0,59,68.0,292,71.0,263,87.0,211,12.0,801,83.0,140,38.0
151,120,western university,Canada,Americas,L,FC,VH,Public,42.0,282,54.0,227,5.0,801,94.0,84,100.0,85,69.0,283,72.0,254,84.0,282,98.0,42,94.0,30,62.0
1001,1001,william & mary,United States of America,Americas,M,CO,VH,Public,10.0,701,15.0,701,26.0,708,16.0,779,6.0,801,9.0,801,15.0,801,38.0,801,39.0,450,44.0,801,0.0
851,901,worcester polytechnic institute,United States of America,Americas,M,FO,VH,Private not for Profit,4.0,701,15.0,701,21.0,801,41.0,461,37.0,522,37.0,530,27.0,647,29.0,801,17.0,791,47.0,780,0.0
851,901,wroclaw university of science and technology (wust),Poland,Europe,L,SP,VH,Public,15.0,701,31.0,461,46.0,429,11.0,801,5.0,801,11.0,801,16.0,801,69.0,553,4.0,801,31.0,801,0.0
186,194,wuhan university,China (Mainland),Asia,XL,FC,VH,Public,54.0,205,47.0,283,21.0,801,98.0,46,47.0,452,11.0,801,8.0,801,78.0,387,59.0,276,61.0,491,57.0
951,801,wuhan university of technology,China (Mainland),Asia,XL,CO,VH,Public,7.0,701,5.0,701,24.0,751,41.0,457,0.0,0,4.0,801,4.0,801,64.0,632,10.0,801,35.0,801,0.0
305,295,xi'an jiaotong university,China (Mainland),Asia,XL,FC,VH,Public,29.0,441,44.0,302,16.0,801,98.0,49,6.0,801,7.0,801,5.0,801,83.0,295,35.0,491,56.0,581,45.0
1001,1001,xi'an jiaotong-liverpool university,China (Mainland),Asia,L,CO,HI,Private not for Profit,6.0,701,5.0,701,8.0,801,12.0,801,95.0,177,5.0,801,10.0,801,46.0,801,1.0,801,44.0,801,0.0
341,362,xiamen university,China (Mainland),Asia,XL,FC,VH,Public,34.0,354,24.0,556,25.0,733,84.0,132,11.0,801,9.0,801,7.0,801,65.0,626,54.0,308,54.0,623,42.0
21,23,yale university,United States of America,Americas,L,FC,VH,Private not for Profit,100.0,9,100.0,7,100.0,12,65.0,250,87.0,247,73.0,262,75.0,232,93.0,131,100.0,18,82.0,144,90.0
1401,1201,yamaguchi university,Japan,Asia,M,FC,HI,Public,4.0,701,3.0,701,46.0,425,8.0,801,8.0,801,5.0,801,9.0,801,15.0,801,2.0,801,23.0,801,0.0
851,951,yarmouk university,Jordan,Asia,L,FC,HI,Public,23.0,541,32.0,448,5.0,801,5.0,801,8.0,801,26.0,646,28.0,634,45.0,801,42.0,414,45.0,801,0.0
1001,901,yerevan state university,Armenia,Asia,M,CO,HI,Public,9.0,701,6.0,701,65.0,271,2.0,801,9.0,801,3.0,801,7.0,801,21.0,801,90.0,106,13.0,801,0.0
624,413,yeshiva university,United States of America,Americas,M,FC,MD,Private not for Profit,4.0,701,5.0,701,63.0,282,73.0,191,36.0,527,28.0,618,30.0,615,15.0,801,5.0,801,36.0,801,28.0
1201,0,yessenov university,Kazakhstan,Asia,M,CO,MD,Public,17.0,701,7.0,701,19.0,801,1.0,801,38.0,514,28.0,612,28.0,642,3.0,801,4.0,801,16.0,801,0.0
901,951,yeungnam university,Republic of Korea,Asia,L,FC,VH,Private for Profit,5.0,701,5.0,701,19.0,801,48.0,395,39.0,511,18.0,763,23.0,716,47.0,801,5.0,801,34.0,801,0.0
731,851,yildiz technical university,Türkiye,Asia,L,CO,VH,Public,13.0,701,43.0,310,6.0,801,26.0,624,10.0,801,28.0,617,34.0,566,55.0,763,27.0,613,64.0,429,0.0
1001,901,yokohama city university,Japan,Asia,M,FO,VH,Public,3.0,701,4.0,701,97.0,64,19.0,730,7.0,801,6.0,801,10.0,801,15.0,801,4.0,801,15.0,801,0.0
1001,1001,yokohama national university,Japan,Asia,M,CO,VH,Public,12.0,701,25.0,548,23.0,777,11.0,801,17.0,762,13.0,801,18.0,792,28.0,801,23.0,684,41.0,801,0.0
50,56,yonsei university,Republic of Korea,Asia,L,FC,VH,Private not for Profit,92.0,64,98.0,34,84.0,142,68.0,231,31.0,582,74.0,258,77.0,227,78.0,382,94.0,78,88.0,86,83.0
333,362,york university,Canada,Americas,XL,CO,VH,Public,33.0,366,32.0,451,5.0,801,38.0,493,87.0,242,79.0,227,81.0,197,74.0,482,82.0,149,85.0,119,42.0
1401,1201,youngsan university,Republic of Korea,Asia,M,SP,MD,Private for Profit,7.0,701,12.0,701,26.0,726,2.0,801,4.0,801,25.0,658,25.0,689,3.0,801,2.0,801,12.0,801,0.0
1001,1201,yuan ze university,Taiwan,Asia,M,CO,VH,Private for Profit,9.0,701,10.0,701,14.0,801,20.0,716,22.0,684,23.0,689,26.0,671,39.0,801,2.0,801,43.0,801,0.0
1201,1201,zagazig university,Egypt,Africa,XL,FC,VH,Public,11.0,701,9.0,701,5.0,801,5.0,801,1.0,801,8.0,801,12.0,801,70.0,535,5.0,801,53.0,646,0.0
1201,0,zarqa university,Jordan,Asia,M,FC,HI,Private not for Profit,8.0,701,4.0,701,9.0,801,4.0,801,25.0,652,64.0,314,58.0,351,15.0,801,5.0,801,12.0,801,0.0
595,621,zayed university,United Arab Emirates,Asia,M,SP,VH,Public,20.0,625,32.0,452,35.0,567,22.0,688,100.0,17,3.0,801,7.0,801,49.0,801,29.0,561,41.0,801,28.0
49,47,zhejiang university,China (Mainland),Asia,XL,FC,VH,Public,87.0,75,97.0,36,53.0,355,100.0,11,94.0,189,24.0,683,18.0,801,94.0,100,74.0,185,63.0,441,84.0
618,511,zhengzhou university,China (Mainland),Asia,XL,FC,VH,Public,7.0,701,24.0,564,7.0,801,83.0,137,0.0,0,4.0,801,3.0,801,62.0,661,11.0,801,42.0,801,28.0
801,781,zurich university of applied sciences (zhaw),Switzerland,Europe,M,CO,VH,,7.0,701,13.0,701,81.0,164,5.0,801,74.0,319,25.0,659,31.0,597,43.0,801,7.0,801,55.0,602,0.0
22,26,école polytechnique fédérale de lausanne,Switzerland,Europe,M,FO,VH,Public,93.0,55,88.0,79,90.0,103,93.0,87,100.0,12,100.0,17,100.0,11,84.0,281,47.0,371,85.0,107,90.0
